instrument_name,strike_price,expiry_date,side,bid/ask
NIFTY,12000,25-Jun-2026,PE,20.05
NIFTY,12000,31-Dec-2026,PE,20.05
NIFTY,13000,24-Dec-2025,PE,20.05
NIFTY,13000,31-Dec-2026,PE,20.05
NIFTY,14000,26-Dec-2024,PE,5.15
NIFTY,14000,26-Dec-2024,CE,11073.0
NIFTY,14000,26-Jun-2025,PE,20.05
NIFTY,14000,25-Jun-2026,PE,20.05
NIFTY,14000,31-Dec-2026,PE,20.2
NIFTY,15000,26-Dec-2024,PE,4.8
NIFTY,15000,26-Dec-2024,CE,10091.75
NIFTY,15000,26-Jun-2025,PE,20.05
NIFTY,15000,24-Dec-2025,PE,20.05
NIFTY,15000,25-Jun-2026,PE,20.25
NIFTY,15000,31-Dec-2026,PE,20.75
NIFTY,15000,30-Dec-2027,PE,22.25
NIFTY,16000,26-Dec-2024,PE,5.1
NIFTY,16000,26-Dec-2024,CE,8370.8
NIFTY,16000,26-Jun-2025,PE,20.05
NIFTY,16000,24-Dec-2025,PE,20.25
NIFTY,16000,25-Jun-2026,PE,21.05
NIFTY,16000,31-Dec-2026,PE,22.45
NIFTY,16500,24-Dec-2025,PE,20.5
NIFTY,17000,26-Dec-2024,PE,6.8
NIFTY,17000,26-Dec-2024,CE,7976.85
NIFTY,17000,26-Jun-2025,CE,0.0
NIFTY,17000,24-Dec-2025,PE,21.05
NIFTY,17000,24-Dec-2025,CE,9200.0
NIFTY,17000,31-Dec-2026,PE,26.75
NIFTY,17000,30-Dec-2027,PE,32.75
NIFTY,18000,26-Dec-2024,PE,8.1
NIFTY,18000,26-Dec-2024,CE,6413.95
NIFTY,18000,26-Jun-2025,PE,20.5
NIFTY,18000,24-Dec-2025,PE,24.15
NIFTY,18000,24-Dec-2025,CE,7851.85
NIFTY,18000,31-Dec-2026,PE,36.5
NIFTY,18000,24-Jun-2027,PE,41.65
NIFTY,18000,30-Dec-2027,PE,46.05
NIFTY,19000,26-Dec-2024,PE,14.5
NIFTY,19000,26-Dec-2024,CE,5456.2
NIFTY,19000,27-Mar-2025,PE,20.35
NIFTY,19000,26-Jun-2025,PE,22.8
NIFTY,19000,25-Sep-2025,PE,27.4
NIFTY,19000,24-Dec-2025,PE,33.2
NIFTY,19000,24-Dec-2025,CE,0.0
NIFTY,19000,25-Jun-2026,PE,45.3
NIFTY,19000,31-Dec-2026,PE,56.15
NIFTY,19000,24-Jun-2027,PE,63.5
NIFTY,19000,30-Dec-2027,PE,69.15
NIFTY,19000,29-Jun-2028,PE,73.65
NIFTY,19000,28-Dec-2028,PE,76.3
NIFTY,19000,28-Jun-2029,PE,77.15
NIFTY,19500,24-Dec-2025,CE,0.0
NIFTY,20000,26-Dec-2024,PE,21.2
NIFTY,20000,26-Dec-2024,CE,4460.0
NIFTY,20000,27-Mar-2025,PE,60.25
NIFTY,20000,27-Mar-2025,CE,5555.05
NIFTY,20000,26-Jun-2025,PE,31.95
NIFTY,20000,25-Sep-2025,PE,43.65
NIFTY,20000,24-Dec-2025,PE,180.55
NIFTY,20000,24-Dec-2025,CE,6199.8
NIFTY,20000,31-Dec-2026,PE,99.9
NIFTY,20000,24-Jun-2027,PE,112.85
NIFTY,20000,30-Dec-2027,PE,121.05
NIFTY,20000,29-Jun-2028,PE,124.75
NIFTY,20000,28-Dec-2028,PE,125.4
NIFTY,20000,28-Jun-2029,PE,124.0
NIFTY,21000,26-Dec-2024,PE,31.8
NIFTY,21000,26-Dec-2024,CE,3505.0
NIFTY,21000,27-Mar-2025,PE,90.2
NIFTY,21000,27-Mar-2025,CE,4785.0
NIFTY,21000,26-Jun-2025,PE,59.95
NIFTY,21000,25-Sep-2025,PE,88.45
NIFTY,21000,24-Dec-2025,PE,116.7
NIFTY,21000,24-Dec-2025,CE,0.0
NIFTY,21000,25-Jun-2026,PE,157.15
NIFTY,21000,31-Dec-2026,PE,182.35
NIFTY,21000,24-Jun-2027,PE,194.75
NIFTY,21000,30-Dec-2027,PE,200.2
NIFTY,21000,29-Jun-2028,PE,199.95
NIFTY,21000,28-Dec-2028,PE,196.25
NIFTY,21000,28-Jun-2029,PE,190.05
NIFTY,22000,26-Dec-2024,PE,61.1
NIFTY,22000,26-Dec-2024,CE,2551.5
NIFTY,22000,27-Mar-2025,PE,156.15
NIFTY,22000,27-Mar-2025,CE,2979.25
NIFTY,22000,26-Jun-2025,PE,206.05
NIFTY,22000,25-Sep-2025,PE,203.0
NIFTY,22000,24-Dec-2025,PE,370.0
NIFTY,22000,24-Dec-2025,CE,0.0
NIFTY,22000,25-Jun-2026,PE,287.6
NIFTY,22000,31-Dec-2026,PE,310.0
NIFTY,22000,24-Jun-2027,PE,316.5
NIFTY,22000,30-Dec-2027,PE,313.95
NIFTY,22000,29-Jun-2028,PE,305.65
NIFTY,22000,28-Dec-2028,PE,293.9
NIFTY,22000,28-Jun-2029,PE,280.0
NIFTY,22450,07-Nov-2024,PE,1.9
NIFTY,22450,07-Nov-2024,CE,1886.1
NIFTY,22450,14-Nov-2024,PE,5.7
NIFTY,22450,14-Nov-2024,CE,2017.55
NIFTY,22450,21-Nov-2024,PE,12.0
NIFTY,22450,21-Nov-2024,CE,2152.4
NIFTY,22450,28-Nov-2024,PE,33.1
NIFTY,22450,28-Nov-2024,CE,1947.0
NIFTY,22450,05-Dec-2024,PE,11.0
NIFTY,22450,26-Dec-2024,PE,43.15
NIFTY,22450,26-Dec-2024,CE,2365.1
NIFTY,22450,30-Jan-2025,PE,119.7
NIFTY,22500,07-Nov-2024,PE,1.85
NIFTY,22500,07-Nov-2024,CE,1807.05
NIFTY,22500,14-Nov-2024,PE,7.05
NIFTY,22500,14-Nov-2024,CE,1965.6
NIFTY,22500,21-Nov-2024,PE,18.45
NIFTY,22500,21-Nov-2024,CE,2097.75
NIFTY,22500,28-Nov-2024,PE,36.0
NIFTY,22500,28-Nov-2024,CE,1900.65
NIFTY,22500,05-Dec-2024,PE,12.1
NIFTY,22500,26-Dec-2024,PE,96.1
NIFTY,22500,26-Dec-2024,CE,2291.25
NIFTY,22500,30-Jan-2025,PE,130.0
NIFTY,22550,07-Nov-2024,PE,1.75
NIFTY,22550,07-Nov-2024,CE,1786.45
NIFTY,22550,14-Nov-2024,PE,6.3
NIFTY,22550,14-Nov-2024,CE,1916.8
NIFTY,22550,21-Nov-2024,PE,12.0
NIFTY,22550,21-Nov-2024,CE,2068.25
NIFTY,22550,28-Nov-2024,PE,24.85
NIFTY,22550,28-Nov-2024,CE,1983.75
NIFTY,22550,05-Dec-2024,PE,11.1
NIFTY,22550,26-Dec-2024,PE,36.1
NIFTY,22550,26-Dec-2024,CE,2286.05
NIFTY,22550,30-Jan-2025,PE,64.1
NIFTY,22600,07-Nov-2024,PE,1.9
NIFTY,22600,07-Nov-2024,CE,1734.0
NIFTY,22600,14-Nov-2024,PE,6.5
NIFTY,22600,14-Nov-2024,CE,1866.15
NIFTY,22600,21-Nov-2024,PE,12.0
NIFTY,22600,21-Nov-2024,CE,2013.45
NIFTY,22600,28-Nov-2024,PE,25.7
NIFTY,22600,28-Nov-2024,CE,1931.7
NIFTY,22600,05-Dec-2024,PE,13.1
NIFTY,22600,26-Dec-2024,PE,55.1
NIFTY,22600,26-Dec-2024,CE,2236.65
NIFTY,22600,30-Jan-2025,PE,68.1
NIFTY,22650,07-Nov-2024,PE,2.1
NIFTY,22650,07-Nov-2024,CE,1686.8
NIFTY,22650,14-Nov-2024,PE,8.15
NIFTY,22650,14-Nov-2024,CE,1816.05
NIFTY,22650,21-Nov-2024,PE,12.0
NIFTY,22650,21-Nov-2024,CE,1959.05
NIFTY,22650,28-Nov-2024,PE,26.3
NIFTY,22650,28-Nov-2024,CE,1878.7
NIFTY,22650,05-Dec-2024,PE,13.5
NIFTY,22650,26-Dec-2024,PE,54.5
NIFTY,22650,26-Dec-2024,CE,2188.55
NIFTY,22650,30-Jan-2025,PE,73.1
NIFTY,22700,07-Nov-2024,PE,2.15
NIFTY,22700,07-Nov-2024,CE,1637.05
NIFTY,22700,14-Nov-2024,PE,10.55
NIFTY,22700,14-Nov-2024,CE,1765.5
NIFTY,22700,21-Nov-2024,PE,12.1
NIFTY,22700,21-Nov-2024,CE,1904.45
NIFTY,22700,28-Nov-2024,PE,46.1
NIFTY,22700,28-Nov-2024,CE,1779.15
NIFTY,22700,05-Dec-2024,PE,18.1
NIFTY,22700,26-Dec-2024,PE,79.4
NIFTY,22700,26-Dec-2024,CE,2136.25
NIFTY,22700,30-Jan-2025,PE,81.1
NIFTY,22750,07-Nov-2024,PE,2.45
NIFTY,22750,07-Nov-2024,CE,1586.75
NIFTY,22750,14-Nov-2024,PE,9.15
NIFTY,22750,14-Nov-2024,CE,1715.4
NIFTY,22750,21-Nov-2024,PE,13.0
NIFTY,22750,21-Nov-2024,CE,1849.65
NIFTY,22750,28-Nov-2024,PE,29.25
NIFTY,22750,28-Nov-2024,CE,1786.35
NIFTY,22750,05-Dec-2024,PE,25.1
NIFTY,22750,26-Dec-2024,PE,50.1
NIFTY,22750,26-Dec-2024,CE,2044.7
NIFTY,22750,30-Jan-2025,PE,82.1
NIFTY,22800,07-Nov-2024,PE,3.05
NIFTY,22800,07-Nov-2024,CE,1511.0
NIFTY,22800,14-Nov-2024,PE,12.1
NIFTY,22800,14-Nov-2024,CE,1664.65
NIFTY,22800,21-Nov-2024,PE,13.1
NIFTY,22800,21-Nov-2024,CE,1795.25
NIFTY,22800,28-Nov-2024,PE,51.05
NIFTY,22800,28-Nov-2024,CE,1737.45
NIFTY,22800,05-Dec-2024,PE,23.1
NIFTY,22800,26-Dec-2024,PE,115.05
NIFTY,22800,26-Dec-2024,CE,2041.6
NIFTY,22800,30-Jan-2025,PE,86.1
NIFTY,22850,07-Nov-2024,PE,3.4
NIFTY,22850,07-Nov-2024,CE,1488.45
NIFTY,22850,14-Nov-2024,PE,11.6
NIFTY,22850,14-Nov-2024,CE,1644.95
NIFTY,22850,21-Nov-2024,PE,13.5
NIFTY,22850,21-Nov-2024,CE,1740.65
NIFTY,22850,28-Nov-2024,PE,32.5
NIFTY,22850,28-Nov-2024,CE,1690.8
NIFTY,22850,05-Dec-2024,PE,25.1
NIFTY,22850,26-Dec-2024,PE,50.1
NIFTY,22850,26-Dec-2024,CE,1995.1
NIFTY,22850,30-Jan-2025,PE,91.0
NIFTY,22900,07-Nov-2024,PE,4.3
NIFTY,22900,07-Nov-2024,CE,1430.55
NIFTY,22900,14-Nov-2024,PE,12.65
NIFTY,22900,14-Nov-2024,CE,1564.55
NIFTY,22900,21-Nov-2024,PE,18.0
NIFTY,22900,21-Nov-2024,CE,1686.05
NIFTY,22900,28-Nov-2024,PE,56.9
NIFTY,22900,28-Nov-2024,CE,1638.7
NIFTY,22900,05-Dec-2024,PE,25.1
NIFTY,22900,26-Dec-2024,PE,95.6
NIFTY,22900,26-Dec-2024,CE,1939.75
NIFTY,22900,30-Jan-2025,PE,95.1
NIFTY,22950,07-Nov-2024,PE,4.7
NIFTY,22950,07-Nov-2024,CE,1344.3
NIFTY,22950,14-Nov-2024,PE,12.7
NIFTY,22950,14-Nov-2024,CE,1515.4
NIFTY,22950,21-Nov-2024,PE,23.0
NIFTY,22950,21-Nov-2024,CE,1631.45
NIFTY,22950,28-Nov-2024,PE,36.75
NIFTY,22950,28-Nov-2024,CE,1597.15
NIFTY,22950,05-Dec-2024,PE,25.1
NIFTY,22950,26-Dec-2024,PE,72.8
NIFTY,22950,26-Dec-2024,CE,1883.2
NIFTY,22950,30-Jan-2025,PE,95.1
NIFTY,23000,07-Nov-2024,PE,5.5
NIFTY,23000,07-Nov-2024,CE,1282.05
NIFTY,23000,14-Nov-2024,PE,19.0
NIFTY,23000,14-Nov-2024,CE,1467.35
NIFTY,23000,21-Nov-2024,PE,41.45
NIFTY,23000,21-Nov-2024,CE,1576.85
NIFTY,23000,28-Nov-2024,PE,70.05
NIFTY,23000,28-Nov-2024,CE,1437.15
NIFTY,23000,05-Dec-2024,PE,44.2
NIFTY,23000,26-Dec-2024,PE,148.95
NIFTY,23000,26-Dec-2024,CE,1654.25
NIFTY,23000,30-Jan-2025,PE,211.0
NIFTY,23000,30-Jan-2025,CE,1945.2
NIFTY,23000,27-Mar-2025,PE,278.0
NIFTY,23000,27-Mar-2025,CE,2143.05
NIFTY,23000,26-Jun-2025,PE,365.0
NIFTY,23000,25-Sep-2025,PE,232.0
NIFTY,23000,24-Dec-2025,PE,508.3
NIFTY,23000,24-Dec-2025,CE,3450.0
NIFTY,23000,31-Dec-2026,PE,496.65
NIFTY,23000,31-Dec-2026,CE,6300.0
NIFTY,23000,24-Jun-2027,PE,487.55
NIFTY,23000,30-Dec-2027,PE,470.0
NIFTY,23000,29-Jun-2028,PE,448.1
NIFTY,23000,28-Dec-2028,PE,423.6
NIFTY,23000,28-Jun-2029,PE,398.1
NIFTY,23050,07-Nov-2024,PE,6.35
NIFTY,23050,07-Nov-2024,CE,1235.1
NIFTY,23050,14-Nov-2024,PE,18.4
NIFTY,23050,14-Nov-2024,CE,1483.45
NIFTY,23050,21-Nov-2024,PE,28.0
NIFTY,23050,21-Nov-2024,CE,1569.15
NIFTY,23050,28-Nov-2024,PE,73.55
NIFTY,23050,28-Nov-2024,CE,1498.35
NIFTY,23050,05-Dec-2024,PE,27.1
NIFTY,23050,26-Dec-2024,PE,125.8
NIFTY,23050,26-Dec-2024,CE,1775.9
NIFTY,23050,30-Jan-2025,PE,95.1
NIFTY,23100,07-Nov-2024,PE,7.1
NIFTY,23100,07-Nov-2024,CE,1235.2
NIFTY,23100,14-Nov-2024,PE,21.0
NIFTY,23100,14-Nov-2024,CE,1399.1
NIFTY,23100,21-Nov-2024,PE,34.0
NIFTY,23100,21-Nov-2024,CE,1514.55
NIFTY,23100,28-Nov-2024,PE,79.0
NIFTY,23100,28-Nov-2024,CE,1364.0
NIFTY,23100,05-Dec-2024,PE,44.9
NIFTY,23100,26-Dec-2024,PE,105.55
NIFTY,23100,26-Dec-2024,CE,1759.65
NIFTY,23100,30-Jan-2025,PE,95.15
NIFTY,23150,07-Nov-2024,PE,8.25
NIFTY,23150,07-Nov-2024,CE,1141.35
NIFTY,23150,14-Nov-2024,PE,22.4
NIFTY,23150,14-Nov-2024,CE,1342.05
NIFTY,23150,21-Nov-2024,PE,29.1
NIFTY,23150,21-Nov-2024,CE,1459.95
NIFTY,23150,28-Nov-2024,PE,54.5
NIFTY,23150,28-Nov-2024,CE,1404.8
NIFTY,23150,05-Dec-2024,PE,35.1
NIFTY,23150,26-Dec-2024,PE,114.05
NIFTY,23150,26-Dec-2024,CE,1713.9
NIFTY,23150,30-Jan-2025,PE,95.1
NIFTY,23200,07-Nov-2024,PE,10.25
NIFTY,23200,07-Nov-2024,CE,1106.3
NIFTY,23200,14-Nov-2024,PE,28.15
NIFTY,23200,14-Nov-2024,CE,1367.5
NIFTY,23200,21-Nov-2024,PE,34.25
NIFTY,23200,21-Nov-2024,CE,1405.35
NIFTY,23200,28-Nov-2024,PE,91.1
NIFTY,23200,28-Nov-2024,CE,1275.5
NIFTY,23200,05-Dec-2024,PE,38.9
NIFTY,23200,26-Dec-2024,PE,170.55
NIFTY,23200,26-Dec-2024,CE,1590.25
NIFTY,23200,30-Jan-2025,PE,213.0
NIFTY,23250,07-Nov-2024,PE,11.15
NIFTY,23250,07-Nov-2024,CE,1053.45
NIFTY,23250,14-Nov-2024,PE,28.8
NIFTY,23250,14-Nov-2024,CE,1244.2
NIFTY,23250,21-Nov-2024,PE,33.1
NIFTY,23250,21-Nov-2024,CE,1350.75
NIFTY,23250,28-Nov-2024,PE,94.05
NIFTY,23250,28-Nov-2024,CE,1313.35
NIFTY,23250,05-Dec-2024,PE,42.1
NIFTY,23250,26-Dec-2024,PE,134.2
NIFTY,23250,26-Dec-2024,CE,1618.65
NIFTY,23250,30-Jan-2025,PE,100.1
NIFTY,23300,07-Nov-2024,PE,13.05
NIFTY,23300,07-Nov-2024,CE,991.0
NIFTY,23300,14-Nov-2024,PE,36.85
NIFTY,23300,14-Nov-2024,CE,1196.4
NIFTY,23300,21-Nov-2024,PE,36.05
NIFTY,23300,21-Nov-2024,CE,1296.15
NIFTY,23300,28-Nov-2024,PE,101.8
NIFTY,23300,28-Nov-2024,CE,1189.05
NIFTY,23300,05-Dec-2024,PE,47.85
NIFTY,23300,26-Dec-2024,PE,182.95
NIFTY,23300,26-Dec-2024,CE,1574.0
NIFTY,23300,30-Jan-2025,PE,233.05
NIFTY,23350,07-Nov-2024,PE,15.05
NIFTY,23350,07-Nov-2024,CE,944.6
NIFTY,23350,14-Nov-2024,PE,37.0
NIFTY,23350,14-Nov-2024,CE,1154.05
NIFTY,23350,21-Nov-2024,PE,33.1
NIFTY,23350,21-Nov-2024,CE,1241.55
NIFTY,23350,28-Nov-2024,PE,105.65
NIFTY,23350,28-Nov-2024,CE,1222.85
NIFTY,23350,05-Dec-2024,PE,50.1
NIFTY,23350,26-Dec-2024,PE,141.1
NIFTY,23350,26-Dec-2024,CE,1540.15
NIFTY,23350,30-Jan-2025,PE,101.1
NIFTY,23400,07-Nov-2024,PE,18.15
NIFTY,23400,07-Nov-2024,CE,898.1
NIFTY,23400,14-Nov-2024,PE,44.95
NIFTY,23400,14-Nov-2024,CE,1103.1
NIFTY,23400,21-Nov-2024,PE,73.0
NIFTY,23400,21-Nov-2024,CE,1186.95
NIFTY,23400,28-Nov-2024,PE,116.45
NIFTY,23400,28-Nov-2024,CE,1103.4
NIFTY,23400,05-Dec-2024,PE,57.6
NIFTY,23400,26-Dec-2024,PE,197.55
NIFTY,23400,26-Dec-2024,CE,1495.65
NIFTY,23400,30-Jan-2025,PE,252.85
NIFTY,23450,07-Nov-2024,PE,20.55
NIFTY,23450,07-Nov-2024,CE,853.5
NIFTY,23450,14-Nov-2024,PE,46.65
NIFTY,23450,14-Nov-2024,CE,1048.6
NIFTY,23450,21-Nov-2024,PE,50.1
NIFTY,23450,21-Nov-2024,CE,1142.9
NIFTY,23450,28-Nov-2024,PE,123.7
NIFTY,23450,28-Nov-2024,CE,1135.95
NIFTY,23450,05-Dec-2024,PE,59.1
NIFTY,23450,26-Dec-2024,PE,130.15
NIFTY,23450,26-Dec-2024,CE,1438.25
NIFTY,23450,30-Jan-2025,PE,95.1
NIFTY,23500,07-Nov-2024,PE,24.4
NIFTY,23500,07-Nov-2024,CE,802.4
NIFTY,23500,14-Nov-2024,PE,55.05
NIFTY,23500,14-Nov-2024,CE,890.5
NIFTY,23500,21-Nov-2024,PE,92.2
NIFTY,23500,21-Nov-2024,CE,1088.2
NIFTY,23500,28-Nov-2024,PE,135.05
NIFTY,23500,28-Nov-2024,CE,1007.0
NIFTY,23500,05-Dec-2024,PE,116.4
NIFTY,23500,26-Dec-2024,PE,232.1
NIFTY,23500,26-Dec-2024,CE,1251.9
NIFTY,23500,30-Jan-2025,PE,301.55
NIFTY,23500,30-Jan-2025,CE,0.0
NIFTY,23550,07-Nov-2024,PE,28.25
NIFTY,23550,07-Nov-2024,CE,757.05
NIFTY,23550,14-Nov-2024,PE,61.3
NIFTY,23550,14-Nov-2024,CE,963.8
NIFTY,23550,21-Nov-2024,PE,57.05
NIFTY,23550,21-Nov-2024,CE,1065.0
NIFTY,23550,28-Nov-2024,PE,141.75
NIFTY,23550,28-Nov-2024,CE,1051.1
NIFTY,23550,05-Dec-2024,PE,68.05
NIFTY,23550,26-Dec-2024,PE,117.55
NIFTY,23550,26-Dec-2024,CE,1363.35
NIFTY,23550,30-Jan-2025,PE,105.1
NIFTY,23600,07-Nov-2024,PE,32.95
NIFTY,23600,07-Nov-2024,CE,714.75
NIFTY,23600,14-Nov-2024,PE,69.55
NIFTY,23600,14-Nov-2024,CE,918.75
NIFTY,23600,21-Nov-2024,PE,103.3
NIFTY,23600,21-Nov-2024,CE,969.55
NIFTY,23600,28-Nov-2024,PE,149.65
NIFTY,23600,28-Nov-2024,CE,935.0
NIFTY,23600,05-Dec-2024,PE,75.55
NIFTY,23600,26-Dec-2024,PE,247.25
NIFTY,23600,26-Dec-2024,CE,1205.8
NIFTY,23600,30-Jan-2025,PE,303.1
NIFTY,23650,07-Nov-2024,PE,38.75
NIFTY,23650,07-Nov-2024,CE,687.6
NIFTY,23650,14-Nov-2024,PE,75.2
NIFTY,23650,14-Nov-2024,CE,877.75
NIFTY,23650,21-Nov-2024,PE,67.85
NIFTY,23650,21-Nov-2024,CE,939.7
NIFTY,23650,28-Nov-2024,PE,160.9
NIFTY,23650,28-Nov-2024,CE,969.05
NIFTY,23650,05-Dec-2024,PE,95.65
NIFTY,23650,26-Dec-2024,PE,145.1
NIFTY,23650,26-Dec-2024,CE,1282.3
NIFTY,23650,30-Jan-2025,PE,150.1
NIFTY,23700,07-Nov-2024,PE,44.65
NIFTY,23700,07-Nov-2024,CE,622.8
NIFTY,23700,14-Nov-2024,PE,85.6
NIFTY,23700,14-Nov-2024,CE,736.35
NIFTY,23700,21-Nov-2024,PE,130.4
NIFTY,23700,21-Nov-2024,CE,825.65
NIFTY,23700,28-Nov-2024,PE,173.35
NIFTY,23700,28-Nov-2024,CE,858.4
NIFTY,23700,05-Dec-2024,PE,197.9
NIFTY,23700,26-Dec-2024,PE,263.95
NIFTY,23700,26-Dec-2024,CE,1169.85
NIFTY,23700,30-Jan-2025,PE,331.1
NIFTY,23750,07-Nov-2024,PE,51.2
NIFTY,23750,07-Nov-2024,CE,583.75
NIFTY,23750,14-Nov-2024,PE,92.0
NIFTY,23750,14-Nov-2024,CE,711.05
NIFTY,23750,21-Nov-2024,PE,90.9
NIFTY,23750,21-Nov-2024,CE,799.95
NIFTY,23750,28-Nov-2024,PE,183.75
NIFTY,23750,28-Nov-2024,CE,830.0
NIFTY,23750,05-Dec-2024,PE,184.3
NIFTY,23750,26-Dec-2024,PE,272.35
NIFTY,23750,26-Dec-2024,CE,1224.25
NIFTY,23750,30-Jan-2025,PE,341.6
NIFTY,23800,07-Nov-2024,PE,59.4
NIFTY,23800,07-Nov-2024,CE,537.0
NIFTY,23800,14-Nov-2024,PE,102.55
NIFTY,23800,14-Nov-2024,CE,639.85
NIFTY,23800,21-Nov-2024,PE,152.25
NIFTY,23800,21-Nov-2024,CE,822.7
NIFTY,23800,28-Nov-2024,PE,198.05
NIFTY,23800,28-Nov-2024,CE,779.0
NIFTY,23800,05-Dec-2024,PE,92.9
NIFTY,23800,26-Dec-2024,PE,290.5
NIFTY,23800,26-Dec-2024,CE,1042.1
NIFTY,23800,30-Jan-2025,PE,347.05
NIFTY,23800,30-Jan-2025,CE,0.0
NIFTY,23850,07-Nov-2024,PE,68.3
NIFTY,23850,07-Nov-2024,CE,493.15
NIFTY,23850,14-Nov-2024,PE,118.0
NIFTY,23850,14-Nov-2024,CE,627.65
NIFTY,23850,21-Nov-2024,PE,106.85
NIFTY,23850,21-Nov-2024,CE,717.15
NIFTY,23850,28-Nov-2024,PE,206.1
NIFTY,23850,28-Nov-2024,CE,743.55
NIFTY,23850,05-Dec-2024,PE,103.15
NIFTY,23850,26-Dec-2024,PE,295.7
NIFTY,23850,26-Dec-2024,CE,1138.25
NIFTY,23850,30-Jan-2025,PE,370.15
NIFTY,23900,07-Nov-2024,PE,78.1
NIFTY,23900,07-Nov-2024,CE,453.0
NIFTY,23900,14-Nov-2024,PE,128.75
NIFTY,23900,14-Nov-2024,CE,555.95
NIFTY,23900,21-Nov-2024,PE,173.0
NIFTY,23900,21-Nov-2024,CE,645.4
NIFTY,23900,28-Nov-2024,PE,223.55
NIFTY,23900,28-Nov-2024,CE,710.9
NIFTY,23900,05-Dec-2024,PE,248.0
NIFTY,23900,26-Dec-2024,PE,321.9
NIFTY,23900,26-Dec-2024,CE,975.4
NIFTY,23900,30-Jan-2025,PE,379.5
NIFTY,23900,30-Jan-2025,CE,1264.9
NIFTY,23950,07-Nov-2024,PE,90.0
NIFTY,23950,07-Nov-2024,CE,417.1
NIFTY,23950,14-Nov-2024,PE,141.25
NIFTY,23950,14-Nov-2024,CE,521.6
NIFTY,23950,21-Nov-2024,PE,181.55
NIFTY,23950,21-Nov-2024,CE,610.75
NIFTY,23950,28-Nov-2024,PE,234.8
NIFTY,23950,28-Nov-2024,CE,742.4
NIFTY,23950,05-Dec-2024,PE,258.3
NIFTY,23950,26-Dec-2024,PE,323.45
NIFTY,23950,26-Dec-2024,CE,1015.2
NIFTY,23950,30-Jan-2025,PE,400.55
NIFTY,24000,07-Nov-2024,PE,101.8
NIFTY,24000,07-Nov-2024,CE,377.0
NIFTY,24000,14-Nov-2024,PE,157.1
NIFTY,24000,14-Nov-2024,CE,479.5
NIFTY,24000,21-Nov-2024,PE,207.2
NIFTY,24000,21-Nov-2024,CE,574.75
NIFTY,24000,28-Nov-2024,PE,253.55
NIFTY,24000,28-Nov-2024,CE,635.0
NIFTY,24000,05-Dec-2024,PE,284.6
NIFTY,24000,05-Dec-2024,CE,724.45
NIFTY,24000,26-Dec-2024,PE,358.1
NIFTY,24000,26-Dec-2024,CE,884.9
NIFTY,24000,30-Jan-2025,PE,437.3
NIFTY,24000,30-Jan-2025,CE,1129.6
NIFTY,24000,27-Mar-2025,PE,500.0
NIFTY,24000,27-Mar-2025,CE,1405.0
NIFTY,24000,26-Jun-2025,PE,585.0
NIFTY,24000,26-Jun-2025,CE,1815.25
NIFTY,24000,25-Sep-2025,PE,417.0
NIFTY,24000,24-Dec-2025,PE,735.65
NIFTY,24000,24-Dec-2025,CE,2699.9
NIFTY,24000,25-Jun-2026,PE,771.75
NIFTY,24000,25-Jun-2026,CE,0.0
NIFTY,24000,31-Dec-2026,PE,751.95
NIFTY,24000,24-Jun-2027,PE,717.15
NIFTY,24000,30-Dec-2027,PE,675.6
NIFTY,24000,29-Jun-2028,PE,633.05
NIFTY,24000,28-Dec-2028,PE,590.25
NIFTY,24000,28-Jun-2029,PE,548.55
NIFTY,24050,07-Nov-2024,PE,116.15
NIFTY,24050,07-Nov-2024,CE,343.75
NIFTY,24050,14-Nov-2024,PE,172.0
NIFTY,24050,14-Nov-2024,CE,450.7
NIFTY,24050,21-Nov-2024,PE,153.05
NIFTY,24050,21-Nov-2024,CE,557.2
NIFTY,24050,28-Nov-2024,PE,267.75
NIFTY,24050,28-Nov-2024,CE,614.25
NIFTY,24050,05-Dec-2024,PE,35.45
NIFTY,24050,05-Dec-2024,CE,703.8
NIFTY,24050,26-Dec-2024,PE,362.95
NIFTY,24050,26-Dec-2024,CE,873.55
NIFTY,24050,30-Jan-2025,PE,438.75
NIFTY,24050,30-Jan-2025,CE,1170.45
NIFTY,24100,07-Nov-2024,PE,131.5
NIFTY,24100,07-Nov-2024,CE,308.5
NIFTY,24100,14-Nov-2024,PE,186.7
NIFTY,24100,14-Nov-2024,CE,414.8
NIFTY,24100,21-Nov-2024,PE,235.55
NIFTY,24100,21-Nov-2024,CE,567.2
NIFTY,24100,28-Nov-2024,PE,284.05
NIFTY,24100,28-Nov-2024,CE,566.0
NIFTY,24100,05-Dec-2024,PE,308.95
NIFTY,24100,05-Dec-2024,CE,657.65
NIFTY,24100,26-Dec-2024,PE,373.65
NIFTY,24100,26-Dec-2024,CE,814.0
NIFTY,24100,30-Jan-2025,PE,446.0
NIFTY,24100,30-Jan-2025,CE,1160.7
NIFTY,24150,07-Nov-2024,PE,149.4
NIFTY,24150,07-Nov-2024,CE,275.75
NIFTY,24150,14-Nov-2024,PE,207.0
NIFTY,24150,14-Nov-2024,CE,385.0
NIFTY,24150,21-Nov-2024,PE,246.2
NIFTY,24150,21-Nov-2024,CE,480.2
NIFTY,24150,28-Nov-2024,PE,298.4
NIFTY,24150,28-Nov-2024,CE,537.75
NIFTY,24150,05-Dec-2024,PE,224.35
NIFTY,24150,05-Dec-2024,CE,628.25
NIFTY,24150,26-Dec-2024,PE,395.4
NIFTY,24150,26-Dec-2024,CE,802.7
NIFTY,24150,30-Jan-2025,PE,455.9
NIFTY,24150,30-Jan-2025,CE,1095.05
NIFTY,24200,07-Nov-2024,PE,168.15
NIFTY,24200,07-Nov-2024,CE,243.95
NIFTY,24200,14-Nov-2024,PE,226.0
NIFTY,24200,14-Nov-2024,CE,348.9
NIFTY,24200,21-Nov-2024,PE,272.4
NIFTY,24200,21-Nov-2024,CE,435.0
NIFTY,24200,28-Nov-2024,PE,320.0
NIFTY,24200,28-Nov-2024,CE,506.85
NIFTY,24200,05-Dec-2024,PE,349.05
NIFTY,24200,05-Dec-2024,CE,588.65
NIFTY,24200,26-Dec-2024,PE,418.85
NIFTY,24200,26-Dec-2024,CE,756.2
NIFTY,24200,30-Jan-2025,PE,476.8
NIFTY,24200,30-Jan-2025,CE,1041.35
NIFTY,24250,07-Nov-2024,PE,190.0
NIFTY,24250,07-Nov-2024,CE,215.1
NIFTY,24250,14-Nov-2024,PE,241.6
NIFTY,24250,14-Nov-2024,CE,318.75
NIFTY,24250,21-Nov-2024,PE,284.4
NIFTY,24250,21-Nov-2024,CE,409.65
NIFTY,24250,28-Nov-2024,PE,340.05
NIFTY,24250,28-Nov-2024,CE,472.5
NIFTY,24250,05-Dec-2024,PE,52.95
NIFTY,24250,05-Dec-2024,CE,566.55
NIFTY,24250,26-Dec-2024,PE,428.1
NIFTY,24250,26-Dec-2024,CE,718.6
NIFTY,24250,30-Jan-2025,PE,485.95
NIFTY,24250,30-Jan-2025,CE,1020.55
NIFTY,24300,07-Nov-2024,PE,212.05
NIFTY,24300,07-Nov-2024,CE,186.95
NIFTY,24300,14-Nov-2024,PE,266.2
NIFTY,24300,14-Nov-2024,CE,288.7
NIFTY,24300,21-Nov-2024,PE,311.55
NIFTY,24300,21-Nov-2024,CE,378.6
NIFTY,24300,28-Nov-2024,PE,360.05
NIFTY,24300,28-Nov-2024,CE,445.0
NIFTY,24300,05-Dec-2024,PE,388.4
NIFTY,24300,05-Dec-2024,CE,524.75
NIFTY,24300,26-Dec-2024,PE,443.3
NIFTY,24300,26-Dec-2024,CE,688.0
NIFTY,24300,30-Jan-2025,PE,443.45
NIFTY,24300,30-Jan-2025,CE,876.8
NIFTY,24350,07-Nov-2024,PE,236.2
NIFTY,24350,07-Nov-2024,CE,161.8
NIFTY,24350,14-Nov-2024,PE,290.0
NIFTY,24350,14-Nov-2024,CE,265.0
NIFTY,24350,21-Nov-2024,PE,332.6
NIFTY,24350,21-Nov-2024,CE,351.5
NIFTY,24350,28-Nov-2024,PE,380.0
NIFTY,24350,28-Nov-2024,CE,417.6
NIFTY,24350,05-Dec-2024,PE,3.7
NIFTY,24350,05-Dec-2024,CE,508.05
NIFTY,24350,26-Dec-2024,PE,466.6
NIFTY,24350,26-Dec-2024,CE,661.9
NIFTY,24350,30-Jan-2025,PE,512.35
NIFTY,24350,30-Jan-2025,CE,953.9
NIFTY,24400,07-Nov-2024,PE,261.65
NIFTY,24400,07-Nov-2024,CE,137.95
NIFTY,24400,14-Nov-2024,PE,314.05
NIFTY,24400,14-Nov-2024,CE,237.8
NIFTY,24400,21-Nov-2024,PE,354.35
NIFTY,24400,21-Nov-2024,CE,325.05
NIFTY,24400,28-Nov-2024,PE,401.1
NIFTY,24400,28-Nov-2024,CE,388.85
NIFTY,24400,05-Dec-2024,PE,43.65
NIFTY,24400,05-Dec-2024,CE,471.25
NIFTY,24400,26-Dec-2024,PE,485.55
NIFTY,24400,26-Dec-2024,CE,630.0
NIFTY,24400,30-Jan-2025,PE,533.65
NIFTY,24400,30-Jan-2025,CE,910.0
NIFTY,24450,07-Nov-2024,PE,290.75
NIFTY,24450,07-Nov-2024,CE,116.6
NIFTY,24450,14-Nov-2024,PE,324.05
NIFTY,24450,14-Nov-2024,CE,215.15
NIFTY,24450,21-Nov-2024,PE,364.15
NIFTY,24450,21-Nov-2024,CE,307.7
NIFTY,24450,28-Nov-2024,PE,421.8
NIFTY,24450,28-Nov-2024,CE,363.55
NIFTY,24450,05-Dec-2024,PE,6.6
NIFTY,24450,05-Dec-2024,CE,452.95
NIFTY,24450,26-Dec-2024,PE,496.75
NIFTY,24450,26-Dec-2024,CE,612.2
NIFTY,24450,30-Jan-2025,PE,539.3
NIFTY,24450,30-Jan-2025,CE,891.4
NIFTY,24500,07-Nov-2024,PE,321.0
NIFTY,24500,07-Nov-2024,CE,97.1
NIFTY,24500,14-Nov-2024,PE,366.55
NIFTY,24500,14-Nov-2024,CE,189.85
NIFTY,24500,21-Nov-2024,PE,401.35
NIFTY,24500,21-Nov-2024,CE,273.4
NIFTY,24500,28-Nov-2024,PE,452.0
NIFTY,24500,28-Nov-2024,CE,334.05
NIFTY,24500,05-Dec-2024,PE,461.35
NIFTY,24500,05-Dec-2024,CE,414.75
NIFTY,24500,26-Dec-2024,PE,539.8
NIFTY,24500,26-Dec-2024,CE,569.0
NIFTY,24500,30-Jan-2025,PE,615.0
NIFTY,24500,30-Jan-2025,CE,760.0
NIFTY,24550,07-Nov-2024,PE,351.1
NIFTY,24550,07-Nov-2024,CE,80.5
NIFTY,24550,14-Nov-2024,PE,390.3
NIFTY,24550,14-Nov-2024,CE,172.1
NIFTY,24550,21-Nov-2024,PE,338.8
NIFTY,24550,21-Nov-2024,CE,260.35
NIFTY,24550,28-Nov-2024,PE,475.0
NIFTY,24550,28-Nov-2024,CE,313.2
NIFTY,24550,05-Dec-2024,CE,399.75
NIFTY,24550,26-Dec-2024,PE,546.55
NIFTY,24550,26-Dec-2024,CE,551.7
NIFTY,24550,30-Jan-2025,CE,826.85
NIFTY,24600,07-Nov-2024,PE,389.0
NIFTY,24600,07-Nov-2024,CE,65.55
NIFTY,24600,14-Nov-2024,PE,421.3
NIFTY,24600,14-Nov-2024,CE,149.1
NIFTY,24600,21-Nov-2024,PE,450.05
NIFTY,24600,21-Nov-2024,CE,227.3
NIFTY,24600,28-Nov-2024,PE,502.0
NIFTY,24600,28-Nov-2024,CE,286.0
NIFTY,24600,05-Dec-2024,PE,504.3
NIFTY,24600,05-Dec-2024,CE,374.6
NIFTY,24600,26-Dec-2024,PE,575.3
NIFTY,24600,26-Dec-2024,CE,527.15
NIFTY,24600,30-Jan-2025,PE,590.15
NIFTY,24600,30-Jan-2025,CE,794.95
NIFTY,24650,07-Nov-2024,PE,424.4
NIFTY,24650,07-Nov-2024,CE,52.85
NIFTY,24650,14-Nov-2024,PE,447.7
NIFTY,24650,14-Nov-2024,CE,134.1
NIFTY,24650,21-Nov-2024,PE,465.0
NIFTY,24650,21-Nov-2024,CE,216.7
NIFTY,24650,28-Nov-2024,PE,525.6
NIFTY,24650,28-Nov-2024,CE,276.3
NIFTY,24650,05-Dec-2024,CE,360.7
NIFTY,24650,26-Dec-2024,PE,571.1
NIFTY,24650,26-Dec-2024,CE,511.8
NIFTY,24650,30-Jan-2025,CE,778.3
NIFTY,24700,07-Nov-2024,PE,463.8
NIFTY,24700,07-Nov-2024,CE,42.1
NIFTY,24700,14-Nov-2024,PE,465.0
NIFTY,24700,14-Nov-2024,CE,114.95
NIFTY,24700,21-Nov-2024,PE,499.2
NIFTY,24700,21-Nov-2024,CE,187.5
NIFTY,24700,28-Nov-2024,PE,560.0
NIFTY,24700,28-Nov-2024,CE,244.4
NIFTY,24700,05-Dec-2024,CE,328.1
NIFTY,24700,26-Dec-2024,PE,624.45
NIFTY,24700,26-Dec-2024,CE,475.35
NIFTY,24700,30-Jan-2025,PE,629.9
NIFTY,24700,30-Jan-2025,CE,739.8
NIFTY,24750,07-Nov-2024,PE,506.35
NIFTY,24750,07-Nov-2024,CE,33.15
NIFTY,24750,14-Nov-2024,PE,518.9
NIFTY,24750,14-Nov-2024,CE,102.95
NIFTY,24750,21-Nov-2024,PE,6.65
NIFTY,24750,21-Nov-2024,CE,174.1
NIFTY,24750,28-Nov-2024,PE,578.9
NIFTY,24750,28-Nov-2024,CE,224.9
NIFTY,24750,05-Dec-2024,CE,307.4
NIFTY,24750,26-Dec-2024,PE,627.2
NIFTY,24750,26-Dec-2024,CE,451.4
NIFTY,24800,07-Nov-2024,PE,546.95
NIFTY,24800,07-Nov-2024,CE,25.55
NIFTY,24800,14-Nov-2024,PE,559.0
NIFTY,24800,14-Nov-2024,CE,89.2
NIFTY,24800,21-Nov-2024,PE,377.25
NIFTY,24800,21-Nov-2024,CE,153.0
NIFTY,24800,28-Nov-2024,PE,616.3
NIFTY,24800,28-Nov-2024,CE,205.1
NIFTY,24800,05-Dec-2024,CE,288.45
NIFTY,24800,26-Dec-2024,PE,655.8
NIFTY,24800,26-Dec-2024,CE,410.0
NIFTY,24800,30-Jan-2025,PE,658.65
NIFTY,24800,30-Jan-2025,CE,705.0
NIFTY,24850,07-Nov-2024,PE,581.8
NIFTY,24850,07-Nov-2024,CE,20.0
NIFTY,24850,14-Nov-2024,PE,594.2
NIFTY,24850,14-Nov-2024,CE,78.1
NIFTY,24850,21-Nov-2024,PE,0.0
NIFTY,24850,21-Nov-2024,CE,135.95
NIFTY,24850,28-Nov-2024,PE,626.0
NIFTY,24850,28-Nov-2024,CE,187.85
NIFTY,24850,05-Dec-2024,CE,268.65
NIFTY,24850,26-Dec-2024,PE,665.65
NIFTY,24850,26-Dec-2024,CE,422.9
NIFTY,24900,07-Nov-2024,PE,636.4
NIFTY,24900,07-Nov-2024,CE,15.75
NIFTY,24900,14-Nov-2024,PE,623.6
NIFTY,24900,14-Nov-2024,CE,64.8
NIFTY,24900,21-Nov-2024,PE,456.7
NIFTY,24900,21-Nov-2024,CE,121.3
NIFTY,24900,28-Nov-2024,PE,670.8
NIFTY,24900,28-Nov-2024,CE,170.8
NIFTY,24900,05-Dec-2024,CE,248.35
NIFTY,24900,26-Dec-2024,PE,703.2
NIFTY,24900,26-Dec-2024,CE,385.3
NIFTY,24900,30-Jan-2025,CE,629.5
NIFTY,24950,07-Nov-2024,PE,646.9
NIFTY,24950,07-Nov-2024,CE,12.2
NIFTY,24950,14-Nov-2024,PE,511.15
NIFTY,24950,14-Nov-2024,CE,55.55
NIFTY,24950,21-Nov-2024,PE,488.7
NIFTY,24950,21-Nov-2024,CE,122.65
NIFTY,24950,28-Nov-2024,PE,700.15
NIFTY,24950,28-Nov-2024,CE,155.45
NIFTY,24950,05-Dec-2024,CE,0.0
NIFTY,24950,26-Dec-2024,PE,720.0
NIFTY,24950,26-Dec-2024,CE,422.65
NIFTY,25000,07-Nov-2024,PE,732.0
NIFTY,25000,07-Nov-2024,CE,9.4
NIFTY,25000,14-Nov-2024,PE,717.0
NIFTY,25000,14-Nov-2024,CE,47.0
NIFTY,25000,21-Nov-2024,PE,711.0
NIFTY,25000,21-Nov-2024,CE,95.85
NIFTY,25000,28-Nov-2024,PE,756.6
NIFTY,25000,28-Nov-2024,CE,140.0
NIFTY,25000,05-Dec-2024,CE,203.25
NIFTY,25000,26-Dec-2024,PE,788.5
NIFTY,25000,26-Dec-2024,CE,329.4
NIFTY,25000,30-Jan-2025,PE,774.0
NIFTY,25000,30-Jan-2025,CE,511.95
NIFTY,25000,27-Mar-2025,PE,850.05
NIFTY,25000,27-Mar-2025,CE,809.85
NIFTY,25000,26-Jun-2025,PE,901.0
NIFTY,25000,26-Jun-2025,CE,1199.95
NIFTY,25000,25-Sep-2025,PE,682.0
NIFTY,25000,24-Dec-2025,PE,1033.5
NIFTY,25000,24-Dec-2025,CE,2099.5
NIFTY,25000,25-Jun-2026,PE,640.0
NIFTY,25000,25-Jun-2026,CE,0.0
NIFTY,25000,31-Dec-2026,PE,599.0
NIFTY,25000,24-Jun-2027,PE,1013.0
NIFTY,25000,30-Dec-2027,PE,936.85
NIFTY,25000,29-Jun-2028,PE,865.85
NIFTY,25000,28-Dec-2028,PE,798.35
NIFTY,25000,28-Jun-2029,PE,735.0
NIFTY,25050,07-Nov-2024,PE,775.2
NIFTY,25050,07-Nov-2024,CE,6.95
NIFTY,25050,14-Nov-2024,PE,598.0
NIFTY,25050,14-Nov-2024,CE,41.0
NIFTY,25050,21-Nov-2024,PE,578.35
NIFTY,25050,21-Nov-2024,CE,99.25
NIFTY,25050,28-Nov-2024,PE,772.95
NIFTY,25050,28-Nov-2024,CE,127.05
NIFTY,25050,05-Dec-2024,CE,249.0
NIFTY,25050,26-Dec-2024,PE,0.0
NIFTY,25050,26-Dec-2024,CE,326.6
NIFTY,25100,07-Nov-2024,PE,825.0
NIFTY,25100,07-Nov-2024,CE,5.55
NIFTY,25100,14-Nov-2024,PE,795.3
NIFTY,25100,14-Nov-2024,CE,33.85
NIFTY,25100,21-Nov-2024,PE,634.35
NIFTY,25100,21-Nov-2024,CE,72.9
NIFTY,25100,28-Nov-2024,PE,813.95
NIFTY,25100,28-Nov-2024,CE,114.05
NIFTY,25100,05-Dec-2024,CE,0.0
NIFTY,25100,26-Dec-2024,PE,830.8
NIFTY,25100,26-Dec-2024,CE,299.5
NIFTY,25100,30-Jan-2025,CE,534.05
NIFTY,25150,07-Nov-2024,PE,872.55
NIFTY,25150,07-Nov-2024,CE,4.45
NIFTY,25150,14-Nov-2024,PE,689.25
NIFTY,25150,14-Nov-2024,CE,29.6
NIFTY,25150,21-Nov-2024,PE,679.95
NIFTY,25150,21-Nov-2024,CE,72.0
NIFTY,25150,28-Nov-2024,PE,851.3
NIFTY,25150,28-Nov-2024,CE,109.45
NIFTY,25150,05-Dec-2024,CE,0.0
NIFTY,25150,26-Dec-2024,PE,733.3
NIFTY,25150,26-Dec-2024,CE,285.0
NIFTY,25200,07-Nov-2024,PE,922.9
NIFTY,25200,07-Nov-2024,CE,3.6
NIFTY,25200,14-Nov-2024,PE,760.55
NIFTY,25200,14-Nov-2024,CE,24.45
NIFTY,25200,21-Nov-2024,PE,725.55
NIFTY,25200,21-Nov-2024,CE,57.35
NIFTY,25200,28-Nov-2024,PE,899.65
NIFTY,25200,28-Nov-2024,CE,91.3
NIFTY,25200,05-Dec-2024,CE,156.9
NIFTY,25200,26-Dec-2024,PE,895.05
NIFTY,25200,26-Dec-2024,CE,254.95
NIFTY,25200,30-Jan-2025,CE,474.8
NIFTY,25250,07-Nov-2024,PE,926.55
NIFTY,25250,07-Nov-2024,CE,3.1
NIFTY,25250,14-Nov-2024,PE,788.65
NIFTY,25250,14-Nov-2024,CE,20.75
NIFTY,25250,21-Nov-2024,PE,0.0
NIFTY,25250,21-Nov-2024,CE,107.0
NIFTY,25250,28-Nov-2024,PE,909.3
NIFTY,25250,28-Nov-2024,CE,82.9
NIFTY,25250,05-Dec-2024,CE,0.0
NIFTY,25250,26-Dec-2024,PE,0.0
NIFTY,25250,26-Dec-2024,CE,264.75
NIFTY,25300,07-Nov-2024,PE,1022.95
NIFTY,25300,07-Nov-2024,CE,2.3
NIFTY,25300,14-Nov-2024,PE,827.25
NIFTY,25300,14-Nov-2024,CE,17.35
NIFTY,25300,21-Nov-2024,PE,816.75
NIFTY,25300,21-Nov-2024,CE,43.7
NIFTY,25300,28-Nov-2024,PE,972.0
NIFTY,25300,28-Nov-2024,CE,71.8
NIFTY,25300,05-Dec-2024,CE,120.65
NIFTY,25300,26-Dec-2024,PE,869.9
NIFTY,25300,26-Dec-2024,CE,221.0
NIFTY,25300,30-Jan-2025,CE,435.65
NIFTY,25350,07-Nov-2024,PE,1033.6
NIFTY,25350,07-Nov-2024,CE,2.15
NIFTY,25350,14-Nov-2024,PE,876.35
NIFTY,25350,14-Nov-2024,CE,14.2
NIFTY,25350,21-Nov-2024,PE,0.0
NIFTY,25350,21-Nov-2024,CE,40.0
NIFTY,25350,28-Nov-2024,PE,1017.9
NIFTY,25350,28-Nov-2024,CE,65.85
NIFTY,25350,05-Dec-2024,CE,0.0
NIFTY,25350,26-Dec-2024,PE,896.0
NIFTY,25350,26-Dec-2024,CE,230.1
NIFTY,25400,07-Nov-2024,PE,1118.35
NIFTY,25400,07-Nov-2024,CE,1.7
NIFTY,25400,14-Nov-2024,PE,919.5
NIFTY,25400,14-Nov-2024,CE,12.6
NIFTY,25400,21-Nov-2024,PE,907.95
NIFTY,25400,21-Nov-2024,CE,36.05
NIFTY,25400,28-Nov-2024,PE,1047.9
NIFTY,25400,28-Nov-2024,CE,57.65
NIFTY,25400,05-Dec-2024,CE,113.7
NIFTY,25400,26-Dec-2024,PE,937.8
NIFTY,25400,26-Dec-2024,CE,197.25
NIFTY,25400,30-Jan-2025,CE,392.85
NIFTY,25450,07-Nov-2024,PE,1164.75
NIFTY,25450,07-Nov-2024,CE,1.85
NIFTY,25450,14-Nov-2024,PE,974.95
NIFTY,25450,14-Nov-2024,CE,11.5
NIFTY,25450,21-Nov-2024,PE,953.55
NIFTY,25450,21-Nov-2024,CE,0.0
NIFTY,25450,28-Nov-2024,PE,1090.3
NIFTY,25450,28-Nov-2024,CE,51.95
NIFTY,25450,05-Dec-2024,CE,0.0
NIFTY,25450,26-Dec-2024,PE,878.4
NIFTY,25450,26-Dec-2024,CE,296.7
NIFTY,25500,07-Nov-2024,PE,1220.15
NIFTY,25500,07-Nov-2024,CE,1.7
NIFTY,25500,14-Nov-2024,PE,1040.25
NIFTY,25500,14-Nov-2024,CE,9.65
NIFTY,25500,21-Nov-2024,PE,999.15
NIFTY,25500,21-Nov-2024,CE,24.5
NIFTY,25500,28-Nov-2024,PE,1155.0
NIFTY,25500,28-Nov-2024,CE,46.4
NIFTY,25500,05-Dec-2024,CE,84.95
NIFTY,25500,26-Dec-2024,PE,1114.95
NIFTY,25500,26-Dec-2024,CE,170.0
NIFTY,25500,30-Jan-2025,PE,0.0
NIFTY,25500,30-Jan-2025,CE,350.0
NIFTY,25550,07-Nov-2024,PE,1219.95
NIFTY,25550,07-Nov-2024,CE,1.6
NIFTY,25550,14-Nov-2024,PE,1082.8
NIFTY,25550,14-Nov-2024,CE,8.5
NIFTY,25550,21-Nov-2024,PE,1044.75
NIFTY,25550,21-Nov-2024,CE,37.0
NIFTY,25550,28-Nov-2024,PE,1086.6
NIFTY,25550,28-Nov-2024,CE,42.45
NIFTY,25550,05-Dec-2024,CE,0.0
NIFTY,25550,26-Dec-2024,PE,949.6
NIFTY,25550,26-Dec-2024,CE,164.4
NIFTY,25600,07-Nov-2024,PE,1271.15
NIFTY,25600,07-Nov-2024,CE,1.6
NIFTY,25600,14-Nov-2024,PE,1112.2
NIFTY,25600,14-Nov-2024,CE,9.2
NIFTY,25600,21-Nov-2024,PE,1090.35
NIFTY,25600,21-Nov-2024,CE,28.5
NIFTY,25600,28-Nov-2024,PE,1231.35
NIFTY,25600,28-Nov-2024,CE,36.45
NIFTY,25600,05-Dec-2024,CE,84.1
NIFTY,25600,26-Dec-2024,PE,999.75
NIFTY,25600,26-Dec-2024,CE,144.0
NIFTY,25600,30-Jan-2025,CE,345.0
NIFTY,25650,07-Nov-2024,PE,1320.15
NIFTY,25650,07-Nov-2024,CE,1.45
NIFTY,25650,14-Nov-2024,PE,1162.6
NIFTY,25650,14-Nov-2024,CE,8.95
NIFTY,25650,21-Nov-2024,PE,1135.95
NIFTY,25650,21-Nov-2024,CE,38.0
NIFTY,25650,28-Nov-2024,PE,1161.05
NIFTY,25650,28-Nov-2024,CE,36.5
NIFTY,25650,05-Dec-2024,CE,0.0
NIFTY,25650,26-Dec-2024,PE,1024.55
NIFTY,25650,26-Dec-2024,CE,147.5
NIFTY,25650,30-Jan-2025,CE,590.0
NIFTY,25700,07-Nov-2024,PE,1422.0
NIFTY,25700,07-Nov-2024,CE,1.5
NIFTY,25700,14-Nov-2024,PE,1206.4
NIFTY,25700,14-Nov-2024,CE,6.0
NIFTY,25700,21-Nov-2024,PE,1181.55
NIFTY,25700,21-Nov-2024,CE,17.9
NIFTY,25700,28-Nov-2024,PE,1322.3
NIFTY,25700,28-Nov-2024,CE,29.0
NIFTY,25700,05-Dec-2024,CE,72.65
NIFTY,25700,26-Dec-2024,PE,1200.45
NIFTY,25700,26-Dec-2024,CE,120.0
NIFTY,25700,30-Jan-2025,CE,325.0
NIFTY,25750,07-Nov-2024,PE,1432.45
NIFTY,25750,07-Nov-2024,CE,1.4
NIFTY,25750,14-Nov-2024,PE,1251.7
NIFTY,25750,14-Nov-2024,CE,6.3
NIFTY,25750,21-Nov-2024,PE,1227.15
NIFTY,25750,21-Nov-2024,CE,22.95
NIFTY,25750,28-Nov-2024,PE,1307.35
NIFTY,25750,28-Nov-2024,CE,25.75
NIFTY,25750,05-Dec-2024,CE,0.0
NIFTY,25750,26-Dec-2024,PE,1070.0
NIFTY,25750,26-Dec-2024,CE,129.95
NIFTY,25750,30-Jan-2025,CE,345.0
NIFTY,25800,07-Nov-2024,PE,1519.15
NIFTY,25800,07-Nov-2024,CE,1.4
NIFTY,25800,14-Nov-2024,PE,1306.4
NIFTY,25800,14-Nov-2024,CE,5.0
NIFTY,25800,21-Nov-2024,PE,1272.75
NIFTY,25800,21-Nov-2024,CE,20.0
NIFTY,25800,28-Nov-2024,PE,1415.9
NIFTY,25800,28-Nov-2024,CE,23.85
NIFTY,25800,05-Dec-2024,CE,63.4
NIFTY,25800,26-Dec-2024,PE,1319.3
NIFTY,25800,26-Dec-2024,CE,103.8
NIFTY,25800,30-Jan-2025,CE,305.0
NIFTY,25850,07-Nov-2024,PE,1552.9
NIFTY,25850,07-Nov-2024,CE,1.45
NIFTY,25850,14-Nov-2024,PE,1347.2
NIFTY,25850,14-Nov-2024,CE,7.9
NIFTY,25850,21-Nov-2024,PE,1318.35
NIFTY,25850,21-Nov-2024,CE,24.95
NIFTY,25850,28-Nov-2024,PE,1345.7
NIFTY,25850,28-Nov-2024,CE,22.05
NIFTY,25850,05-Dec-2024,CE,100.0
NIFTY,25850,26-Dec-2024,PE,1142.4
NIFTY,25850,26-Dec-2024,CE,0.0
NIFTY,25850,30-Jan-2025,CE,250.0
NIFTY,25900,07-Nov-2024,PE,1586.75
NIFTY,25900,07-Nov-2024,CE,1.35
NIFTY,25900,14-Nov-2024,PE,1394.35
NIFTY,25900,14-Nov-2024,CE,4.4
NIFTY,25900,21-Nov-2024,PE,1363.95
NIFTY,25900,21-Nov-2024,CE,12.95
NIFTY,25900,28-Nov-2024,PE,1507.25
NIFTY,25900,28-Nov-2024,CE,20.25
NIFTY,25900,05-Dec-2024,CE,53.85
NIFTY,25900,26-Dec-2024,PE,1399.9
NIFTY,25900,26-Dec-2024,CE,90.0
NIFTY,25900,30-Jan-2025,CE,274.0
NIFTY,25950,07-Nov-2024,PE,1611.3
NIFTY,25950,07-Nov-2024,CE,1.45
NIFTY,25950,14-Nov-2024,PE,1432.05
NIFTY,25950,14-Nov-2024,CE,5.75
NIFTY,25950,21-Nov-2024,PE,1409.55
NIFTY,25950,21-Nov-2024,CE,19.95
NIFTY,25950,28-Nov-2024,PE,1423.55
NIFTY,25950,28-Nov-2024,CE,18.35
NIFTY,25950,05-Dec-2024,CE,55.0
NIFTY,25950,26-Dec-2024,PE,1312.5
NIFTY,25950,26-Dec-2024,CE,125.0
NIFTY,25950,30-Jan-2025,CE,191.3
NIFTY,26000,07-Nov-2024,PE,1718.05
NIFTY,26000,07-Nov-2024,CE,1.3
NIFTY,26000,14-Nov-2024,PE,1520.5
NIFTY,26000,14-Nov-2024,CE,3.9
NIFTY,26000,21-Nov-2024,PE,1455.75
NIFTY,26000,21-Nov-2024,CE,11.05
NIFTY,26000,28-Nov-2024,PE,1616.55
NIFTY,26000,28-Nov-2024,CE,16.35
NIFTY,26000,05-Dec-2024,CE,36.35
NIFTY,26000,26-Dec-2024,PE,1520.0
NIFTY,26000,26-Dec-2024,CE,80.0
NIFTY,26000,27-Mar-2025,PE,1392.0
NIFTY,26000,27-Mar-2025,CE,394.0
NIFTY,26000,26-Jun-2025,PE,1384.3
NIFTY,26000,26-Jun-2025,CE,749.95
NIFTY,26000,25-Sep-2025,PE,1034.0
NIFTY,26000,25-Sep-2025,CE,0.0
NIFTY,26000,24-Dec-2025,PE,1407.15
NIFTY,26000,24-Dec-2025,CE,1594.95
NIFTY,26000,25-Jun-2026,PE,908.0
NIFTY,26000,25-Jun-2026,CE,2100.0
NIFTY,26000,31-Dec-2026,PE,829.0
NIFTY,26000,24-Jun-2027,PE,760.0
NIFTY,26000,30-Dec-2027,PE,692.0
NIFTY,26000,29-Jun-2028,PE,633.0
NIFTY,26000,28-Dec-2028,PE,578.0
NIFTY,26000,28-Jun-2029,PE,528.0
NIFTY,26050,07-Nov-2024,PE,1724.6
NIFTY,26050,07-Nov-2024,CE,1.4
NIFTY,26050,14-Nov-2024,PE,1481.6
NIFTY,26050,14-Nov-2024,CE,6.2
NIFTY,26050,21-Nov-2024,PE,1500.75
NIFTY,26050,21-Nov-2024,CE,11.5
NIFTY,26050,28-Nov-2024,PE,1590.85
NIFTY,26050,28-Nov-2024,CE,15.95
NIFTY,26050,05-Dec-2024,CE,50.0
NIFTY,26050,26-Dec-2024,PE,1398.25
NIFTY,26050,26-Dec-2024,CE,79.6
NIFTY,26100,07-Nov-2024,PE,1784.4
NIFTY,26100,07-Nov-2024,CE,1.4
NIFTY,26100,14-Nov-2024,PE,1560.95
NIFTY,26100,14-Nov-2024,CE,4.35
NIFTY,26100,21-Nov-2024,PE,1546.35
NIFTY,26100,21-Nov-2024,CE,10.45
NIFTY,26100,28-Nov-2024,PE,1699.55
NIFTY,26100,28-Nov-2024,CE,14.65
NIFTY,26100,05-Dec-2024,CE,30.0
NIFTY,26100,26-Dec-2024,PE,1441.5
NIFTY,26100,26-Dec-2024,CE,71.95
NIFTY,26150,07-Nov-2024,PE,1811.75
NIFTY,26150,07-Nov-2024,CE,1.4
NIFTY,26150,14-Nov-2024,PE,1571.0
NIFTY,26150,14-Nov-2024,CE,5.5
NIFTY,26150,21-Nov-2024,PE,1591.95
NIFTY,26150,21-Nov-2024,CE,14.85
NIFTY,26150,28-Nov-2024,PE,1608.9
NIFTY,26150,28-Nov-2024,CE,18.3
NIFTY,26150,05-Dec-2024,CE,42.9
NIFTY,26150,26-Dec-2024,PE,1479.75
NIFTY,26150,26-Dec-2024,CE,0.0
NIFTY,26200,07-Nov-2024,PE,1890.05
NIFTY,26200,07-Nov-2024,CE,1.4
NIFTY,26200,14-Nov-2024,PE,1648.4
NIFTY,26200,14-Nov-2024,CE,4.2
NIFTY,26200,21-Nov-2024,PE,1637.55
NIFTY,26200,21-Nov-2024,CE,8.4
NIFTY,26200,28-Nov-2024,PE,1796.85
NIFTY,26200,28-Nov-2024,CE,12.9
NIFTY,26200,05-Dec-2024,CE,30.0
NIFTY,26200,26-Dec-2024,PE,1653.2
NIFTY,26200,26-Dec-2024,CE,57.7
NIFTY,26250,07-Nov-2024,PE,1903.95
NIFTY,26250,07-Nov-2024,CE,1.35
NIFTY,26250,14-Nov-2024,PE,1699.2
NIFTY,26250,14-Nov-2024,CE,4.85
NIFTY,26250,21-Nov-2024,PE,1683.15
NIFTY,26250,21-Nov-2024,CE,12.9
NIFTY,26250,28-Nov-2024,PE,1722.45
NIFTY,26250,28-Nov-2024,CE,16.6
NIFTY,26250,26-Dec-2024,PE,1561.6
NIFTY,26250,26-Dec-2024,CE,60.0
NIFTY,26300,07-Nov-2024,PE,2010.85
NIFTY,26300,07-Nov-2024,CE,1.45
NIFTY,26300,14-Nov-2024,PE,1745.0
NIFTY,26300,14-Nov-2024,CE,3.4
NIFTY,26300,21-Nov-2024,PE,1728.75
NIFTY,26300,21-Nov-2024,CE,11.95
NIFTY,26300,28-Nov-2024,PE,1887.9
NIFTY,26300,28-Nov-2024,CE,11.0
NIFTY,26300,26-Dec-2024,PE,1673.3
NIFTY,26300,26-Dec-2024,CE,49.15
NIFTY,26350,07-Nov-2024,PE,2018.05
NIFTY,26350,07-Nov-2024,CE,1.4
NIFTY,26350,14-Nov-2024,PE,1817.2
NIFTY,26350,14-Nov-2024,CE,8.0
NIFTY,26350,21-Nov-2024,PE,1774.35
NIFTY,26350,21-Nov-2024,CE,11.95
NIFTY,26350,28-Nov-2024,PE,1795.95
NIFTY,26350,28-Nov-2024,CE,17.85
NIFTY,26350,26-Dec-2024,PE,1647.6
NIFTY,26350,26-Dec-2024,CE,75.25
NIFTY,26400,07-Nov-2024,PE,2066.15
NIFTY,26400,07-Nov-2024,CE,1.45
NIFTY,26400,14-Nov-2024,PE,1788.2
NIFTY,26400,14-Nov-2024,CE,3.4
NIFTY,26400,21-Nov-2024,PE,1819.95
NIFTY,26400,21-Nov-2024,CE,11.95
NIFTY,26400,28-Nov-2024,PE,1988.9
NIFTY,26400,28-Nov-2024,CE,12.05
NIFTY,26400,26-Dec-2024,PE,1791.85
NIFTY,26400,26-Dec-2024,CE,46.5
NIFTY,26450,07-Nov-2024,PE,2101.75
NIFTY,26450,07-Nov-2024,CE,1.35
NIFTY,26450,14-Nov-2024,PE,1874.05
NIFTY,26450,14-Nov-2024,CE,5.45
NIFTY,26450,21-Nov-2024,PE,1865.9
NIFTY,26450,21-Nov-2024,CE,11.95
NIFTY,26450,28-Nov-2024,PE,1889.2
NIFTY,26450,28-Nov-2024,CE,11.95
NIFTY,26450,26-Dec-2024,PE,1797.75
NIFTY,26450,26-Dec-2024,CE,0.0
NIFTY,26500,07-Nov-2024,PE,2162.25
NIFTY,26500,07-Nov-2024,CE,1.2
NIFTY,26500,14-Nov-2024,PE,1958.1
NIFTY,26500,14-Nov-2024,CE,3.0
NIFTY,26500,21-Nov-2024,PE,1911.15
NIFTY,26500,21-Nov-2024,CE,7.0
NIFTY,26500,28-Nov-2024,PE,2102.5
NIFTY,26500,28-Nov-2024,CE,9.7
NIFTY,26500,26-Dec-2024,PE,1951.2
NIFTY,26500,26-Dec-2024,CE,37.15
NIFTY,26550,07-Nov-2024,PE,2199.2
NIFTY,26550,07-Nov-2024,CE,1.35
NIFTY,26550,14-Nov-2024,PE,1919.6
NIFTY,26550,14-Nov-2024,CE,4.7
NIFTY,26550,21-Nov-2024,PE,1956.75
NIFTY,26550,21-Nov-2024,CE,8.95
NIFTY,26550,28-Nov-2024,PE,1986.3
NIFTY,26550,28-Nov-2024,CE,14.7
NIFTY,26550,26-Dec-2024,PE,1882.9
NIFTY,26550,26-Dec-2024,CE,88.0
NIFTY,26600,07-Nov-2024,PE,2254.9
NIFTY,26600,07-Nov-2024,CE,1.35
NIFTY,26600,14-Nov-2024,PE,1998.85
NIFTY,26600,14-Nov-2024,CE,3.3
NIFTY,26600,21-Nov-2024,PE,2002.35
NIFTY,26600,21-Nov-2024,CE,8.0
NIFTY,26600,28-Nov-2024,PE,2157.5
NIFTY,26600,28-Nov-2024,CE,10.6
NIFTY,26600,26-Dec-2024,PE,1923.5
NIFTY,26600,26-Dec-2024,CE,58.0
NIFTY,26650,07-Nov-2024,PE,2306.2
NIFTY,26650,07-Nov-2024,CE,1.4
NIFTY,26650,14-Nov-2024,PE,2044.1
NIFTY,26650,14-Nov-2024,CE,4.0
NIFTY,26650,28-Nov-2024,PE,2189.5
NIFTY,26650,28-Nov-2024,CE,14.0
NIFTY,26650,26-Dec-2024,PE,1968.8
NIFTY,26650,26-Dec-2024,CE,48.0
NIFTY,26700,07-Nov-2024,PE,2363.65
NIFTY,26700,07-Nov-2024,CE,1.3
NIFTY,26700,14-Nov-2024,PE,2081.95
NIFTY,26700,14-Nov-2024,CE,3.15
NIFTY,26700,28-Nov-2024,PE,2257.75
NIFTY,26700,28-Nov-2024,CE,9.9
NIFTY,26700,26-Dec-2024,PE,2062.9
NIFTY,26700,26-Dec-2024,CE,43.95
NIFTY,26750,07-Nov-2024,PE,2407.9
NIFTY,26750,07-Nov-2024,CE,1.3
NIFTY,26750,14-Nov-2024,PE,2131.8
NIFTY,26750,14-Nov-2024,CE,4.0
NIFTY,26750,28-Nov-2024,PE,2239.6
NIFTY,26750,28-Nov-2024,CE,12.95
NIFTY,26750,26-Dec-2024,PE,2056.05
NIFTY,26750,26-Dec-2024,CE,48.0
NIFTY,26800,07-Nov-2024,PE,2515.4
NIFTY,26800,07-Nov-2024,CE,1.3
NIFTY,26800,14-Nov-2024,PE,2136.45
NIFTY,26800,14-Nov-2024,CE,3.45
NIFTY,26800,28-Nov-2024,PE,2364.85
NIFTY,26800,28-Nov-2024,CE,9.0
NIFTY,26800,26-Dec-2024,PE,2157.1
NIFTY,26800,26-Dec-2024,CE,28.95
NIFTY,26850,07-Nov-2024,PE,2545.85
NIFTY,26850,07-Nov-2024,CE,1.3
NIFTY,26850,14-Nov-2024,PE,2225.25
NIFTY,26850,14-Nov-2024,CE,3.0
NIFTY,26850,28-Nov-2024,PE,2405.1
NIFTY,26850,28-Nov-2024,CE,9.0
NIFTY,26850,26-Dec-2024,PE,2144.5
NIFTY,26850,26-Dec-2024,CE,58.0
NIFTY,26900,07-Nov-2024,PE,2591.15
NIFTY,26900,07-Nov-2024,CE,1.25
NIFTY,26900,14-Nov-2024,PE,2261.75
NIFTY,26900,14-Nov-2024,CE,2.85
NIFTY,26900,28-Nov-2024,PE,2481.8
NIFTY,26900,28-Nov-2024,CE,7.5
NIFTY,26900,26-Dec-2024,PE,2186.25
NIFTY,26900,26-Dec-2024,CE,34.65
NIFTY,26950,07-Nov-2024,PE,2616.0
NIFTY,26950,07-Nov-2024,CE,1.2
NIFTY,26950,28-Nov-2024,PE,2476.75
NIFTY,26950,28-Nov-2024,CE,11.95
NIFTY,26950,26-Dec-2024,PE,2233.25
NIFTY,26950,26-Dec-2024,CE,58.0
NIFTY,27000,07-Nov-2024,PE,2715.0
NIFTY,27000,07-Nov-2024,CE,1.1
NIFTY,27000,28-Nov-2024,PE,2598.3
NIFTY,27000,28-Nov-2024,CE,8.15
NIFTY,27000,26-Dec-2024,PE,2441.35
NIFTY,27000,26-Dec-2024,CE,24.65
NIFTY,27000,27-Mar-2025,PE,2106.0
NIFTY,27000,27-Mar-2025,CE,158.45
NIFTY,27000,26-Jun-2025,PE,1911.3
NIFTY,27000,26-Jun-2025,CE,403.95
NIFTY,27000,25-Sep-2025,PE,1468.0
NIFTY,27000,25-Sep-2025,CE,0.0
NIFTY,27000,24-Dec-2025,PE,1870.8
NIFTY,27000,24-Dec-2025,CE,1140.0
NIFTY,27000,25-Jun-2026,PE,1235.0
NIFTY,27000,25-Jun-2026,CE,0.0
NIFTY,27000,31-Dec-2026,PE,1106.0
NIFTY,27000,24-Jun-2027,PE,1002.0
NIFTY,27000,30-Dec-2027,PE,903.0
NIFTY,27000,29-Jun-2028,PE,818.0
NIFTY,27000,28-Dec-2028,PE,742.0
NIFTY,27000,28-Jun-2029,PE,674.0
NIFTY,27050,28-Nov-2024,PE,2371.85
NIFTY,27050,28-Nov-2024,CE,11.2
NIFTY,27050,26-Dec-2024,PE,2322.8
NIFTY,27050,26-Dec-2024,CE,30.55
NIFTY,27100,28-Nov-2024,PE,2617.75
NIFTY,27100,28-Nov-2024,CE,11.0
NIFTY,27100,26-Dec-2024,PE,2364.95
NIFTY,27100,26-Dec-2024,CE,45.0
NIFTY,27150,28-Nov-2024,PE,2619.7
NIFTY,27150,28-Nov-2024,CE,14.0
NIFTY,27150,26-Dec-2024,PE,2412.45
NIFTY,27150,26-Dec-2024,CE,45.0
NIFTY,27200,28-Nov-2024,PE,2712.65
NIFTY,27200,28-Nov-2024,CE,8.4
NIFTY,27200,26-Dec-2024,PE,2457.25
NIFTY,27200,26-Dec-2024,CE,25.0
NIFTY,27250,28-Nov-2024,PE,2717.85
NIFTY,27250,28-Nov-2024,CE,12.0
NIFTY,27250,26-Dec-2024,PE,2502.55
NIFTY,27250,26-Dec-2024,CE,45.0
NIFTY,27300,28-Nov-2024,PE,2807.7
NIFTY,27300,28-Nov-2024,CE,8.05
NIFTY,27300,26-Dec-2024,PE,2621.5
NIFTY,27300,26-Dec-2024,CE,45.0
NIFTY,27350,28-Nov-2024,PE,2812.95
NIFTY,27350,28-Nov-2024,CE,7.95
NIFTY,27350,26-Dec-2024,PE,2592.8
NIFTY,27350,26-Dec-2024,CE,45.0
NIFTY,27400,28-Nov-2024,PE,2909.1
NIFTY,27400,28-Nov-2024,CE,7.7
NIFTY,27400,26-Dec-2024,PE,2715.95
NIFTY,27400,26-Dec-2024,CE,45.0
NIFTY,27450,28-Nov-2024,PE,2908.0
NIFTY,27450,28-Nov-2024,CE,10.0
NIFTY,27450,26-Dec-2024,PE,2766.65
NIFTY,27450,26-Dec-2024,CE,45.0
NIFTY,27500,28-Nov-2024,PE,3087.35
NIFTY,27500,28-Nov-2024,CE,6.1
NIFTY,27500,26-Dec-2024,PE,2884.95
NIFTY,27500,26-Dec-2024,CE,18.3
NIFTY,27550,28-Nov-2024,PE,3003.0
NIFTY,27550,28-Nov-2024,CE,10.0
NIFTY,27550,26-Dec-2024,PE,2861.2
NIFTY,27550,26-Dec-2024,CE,40.0
NIFTY,27600,28-Nov-2024,PE,3046.7
NIFTY,27600,28-Nov-2024,CE,11.0
NIFTY,27600,26-Dec-2024,PE,2824.15
NIFTY,27600,26-Dec-2024,CE,30.0
NIFTY,27650,28-Nov-2024,PE,3098.15
NIFTY,27650,28-Nov-2024,CE,9.0
NIFTY,27650,26-Dec-2024,PE,2955.85
NIFTY,27650,26-Dec-2024,CE,35.0
NIFTY,27700,28-Nov-2024,PE,3141.8
NIFTY,27700,28-Nov-2024,CE,8.75
NIFTY,27700,26-Dec-2024,PE,3003.15
NIFTY,27700,26-Dec-2024,CE,30.0
NIFTY,27750,28-Nov-2024,PE,3193.5
NIFTY,27750,28-Nov-2024,CE,7.95
NIFTY,27750,26-Dec-2024,PE,3050.55
NIFTY,27750,26-Dec-2024,CE,30.0
NIFTY,27800,28-Nov-2024,PE,3237.85
NIFTY,27800,28-Nov-2024,CE,7.0
NIFTY,27800,26-Dec-2024,PE,3097.9
NIFTY,27800,26-Dec-2024,CE,28.0
NIFTY,27850,28-Nov-2024,PE,3284.35
NIFTY,27850,28-Nov-2024,CE,7.85
NIFTY,27850,26-Dec-2024,PE,3146.5
NIFTY,27850,26-Dec-2024,CE,25.0
NIFTY,27900,28-Nov-2024,PE,3330.6
NIFTY,27900,28-Nov-2024,CE,4.95
NIFTY,27900,26-Dec-2024,PE,3192.6
NIFTY,27900,26-Dec-2024,CE,19.0
NIFTY,27950,28-Nov-2024,PE,3379.3
NIFTY,27950,28-Nov-2024,CE,5.2
NIFTY,27950,26-Dec-2024,PE,3240.05
NIFTY,27950,26-Dec-2024,CE,18.5
NIFTY,28000,26-Dec-2024,PE,3407.3
NIFTY,28000,26-Dec-2024,CE,15.95
NIFTY,28000,27-Mar-2025,PE,2962.1
NIFTY,28000,27-Mar-2025,CE,74.95
NIFTY,28000,26-Jun-2025,PE,2139.0
NIFTY,28000,26-Jun-2025,CE,225.0
NIFTY,28000,25-Sep-2025,PE,1976.0
NIFTY,28000,25-Sep-2025,CE,0.0
NIFTY,28000,24-Dec-2025,PE,2422.0
NIFTY,28000,24-Dec-2025,CE,796.0
NIFTY,28000,25-Jun-2026,PE,1618.0
NIFTY,28000,25-Jun-2026,CE,0.0
NIFTY,28000,31-Dec-2026,PE,1431.0
NIFTY,28000,31-Dec-2026,CE,0.0
NIFTY,28000,24-Jun-2027,PE,1285.0
NIFTY,28000,30-Dec-2027,PE,1149.0
NIFTY,28000,29-Jun-2028,PE,1035.0
NIFTY,28000,28-Dec-2028,PE,933.0
NIFTY,28000,28-Jun-2029,PE,844.0
NIFTY,29000,26-Dec-2024,PE,4386.75
NIFTY,29000,26-Dec-2024,CE,9.2
NIFTY,29000,27-Mar-2025,PE,3875.55
NIFTY,29000,27-Mar-2025,CE,43.8
NIFTY,29000,26-Jun-2025,PE,2766.0
NIFTY,29000,26-Jun-2025,CE,133.4
NIFTY,29000,25-Sep-2025,PE,2545.0
NIFTY,29000,24-Dec-2025,PE,2975.0
NIFTY,29000,24-Dec-2025,CE,549.7
NIFTY,29000,25-Jun-2026,PE,2055.0
NIFTY,29000,25-Jun-2026,CE,0.0
NIFTY,29000,31-Dec-2026,CE,0.0
NIFTY,29000,24-Jun-2027,PE,1609.0
NIFTY,29000,24-Jun-2027,CE,0.0
NIFTY,29000,30-Dec-2027,PE,1430.0
NIFTY,29000,29-Jun-2028,PE,1282.0
NIFTY,29000,28-Dec-2028,PE,1152.0
NIFTY,29000,28-Jun-2029,PE,1038.0
NIFTY,30000,26-Dec-2024,PE,5365.0
NIFTY,30000,26-Dec-2024,CE,8.25
NIFTY,30000,27-Mar-2025,PE,0.0
NIFTY,30000,27-Mar-2025,CE,32.9
NIFTY,30000,26-Jun-2025,PE,3432.0
NIFTY,30000,26-Jun-2025,CE,0.0
NIFTY,30000,25-Sep-2025,PE,3159.0
NIFTY,30000,24-Dec-2025,PE,3700.0
NIFTY,30000,24-Dec-2025,CE,330.0
NIFTY,30000,25-Jun-2026,PE,2538.0
NIFTY,30000,25-Jun-2026,CE,0.0
NIFTY,30000,31-Dec-2026,PE,2217.0
NIFTY,30000,31-Dec-2026,CE,0.0
NIFTY,30000,24-Jun-2027,PE,1972.0
NIFTY,30000,24-Jun-2027,CE,0.0
NIFTY,30000,30-Dec-2027,PE,1746.0
NIFTY,30000,30-Dec-2027,CE,0.0
NIFTY,30000,29-Jun-2028,PE,1560.0
NIFTY,30000,28-Dec-2028,PE,1399.0
NIFTY,30000,28-Jun-2029,PE,1257.0
NIFTY,31000,26-Dec-2024,PE,6350.0
NIFTY,31000,26-Dec-2024,CE,7.35
NIFTY,31000,27-Mar-2025,CE,27.5
NIFTY,31000,26-Jun-2025,CE,0.0
NIFTY,31000,25-Sep-2025,PE,3806.0
NIFTY,31000,24-Dec-2025,PE,3531.0
NIFTY,31000,24-Dec-2025,CE,240.0
NIFTY,31000,25-Jun-2026,PE,3062.0
NIFTY,31000,25-Jun-2026,CE,0.0
NIFTY,31000,31-Dec-2026,PE,2671.0
NIFTY,31000,31-Dec-2026,CE,0.0
NIFTY,31000,24-Jun-2027,PE,2371.0
NIFTY,31000,24-Jun-2027,CE,0.0
NIFTY,31000,30-Dec-2027,PE,2096.0
NIFTY,31000,30-Dec-2027,CE,0.0
NIFTY,31000,29-Jun-2028,PE,1869.0
NIFTY,31000,29-Jun-2028,CE,0.0
NIFTY,31000,28-Dec-2028,PE,1672.0
NIFTY,31000,28-Jun-2029,PE,1500.0
BANKNIFTY,42000,24-Dec-2024,PE,35.8
BANKNIFTY,42000,24-Dec-2024,CE,11412.4
BANKNIFTY,42000,26-Mar-2025,PE,10.15
BANKNIFTY,43000,06-Nov-2024,PE,1.2
BANKNIFTY,43000,06-Nov-2024,CE,8720.8
BANKNIFTY,43000,27-Nov-2024,PE,17.35
BANKNIFTY,43000,27-Nov-2024,CE,8930.1
BANKNIFTY,43000,24-Dec-2024,PE,21.8
BANKNIFTY,43000,24-Dec-2024,CE,9892.05
BANKNIFTY,43500,06-Nov-2024,PE,1.5
BANKNIFTY,43500,06-Nov-2024,CE,8234.75
BANKNIFTY,43500,13-Nov-2024,PE,4.25
BANKNIFTY,43500,13-Nov-2024,CE,9199.65
BANKNIFTY,43500,27-Nov-2024,PE,18.55
BANKNIFTY,43500,27-Nov-2024,CE,9214.9
BANKNIFTY,43500,24-Dec-2024,PE,23.25
BANKNIFTY,43500,24-Dec-2024,CE,9952.75
BANKNIFTY,44000,06-Nov-2024,PE,1.65
BANKNIFTY,44000,06-Nov-2024,CE,7730.4
BANKNIFTY,44000,13-Nov-2024,PE,3.5
BANKNIFTY,44000,13-Nov-2024,CE,8757.05
BANKNIFTY,44000,27-Nov-2024,PE,22.25
BANKNIFTY,44000,27-Nov-2024,CE,8824.3
BANKNIFTY,44000,24-Dec-2024,PE,25.7
BANKNIFTY,44000,24-Dec-2024,CE,9459.5
BANKNIFTY,44000,29-Jan-2025,PE,23.15
BANKNIFTY,44500,06-Nov-2024,PE,1.85
BANKNIFTY,44500,06-Nov-2024,CE,7230.5
BANKNIFTY,44500,13-Nov-2024,PE,4.0
BANKNIFTY,44500,13-Nov-2024,CE,8144.2
BANKNIFTY,44500,27-Nov-2024,PE,20.35
BANKNIFTY,44500,27-Nov-2024,CE,8200.0
BANKNIFTY,44500,24-Dec-2024,PE,11.15
BANKNIFTY,44500,24-Dec-2024,CE,8917.05
BANKNIFTY,44500,29-Jan-2025,PE,46.0
BANKNIFTY,45000,06-Nov-2024,PE,1.9
BANKNIFTY,45000,06-Nov-2024,CE,6734.8
BANKNIFTY,45000,13-Nov-2024,PE,4.05
BANKNIFTY,45000,13-Nov-2024,CE,7713.3
BANKNIFTY,45000,27-Nov-2024,PE,31.2
BANKNIFTY,45000,27-Nov-2024,CE,6938.1
BANKNIFTY,45000,24-Dec-2024,PE,75.9
BANKNIFTY,45000,24-Dec-2024,CE,8326.75
BANKNIFTY,45000,29-Jan-2025,PE,10.15
BANKNIFTY,45000,26-Mar-2025,PE,202.8
BANKNIFTY,45500,06-Nov-2024,PE,1.9
BANKNIFTY,45500,06-Nov-2024,CE,6236.25
BANKNIFTY,45500,13-Nov-2024,PE,3.05
BANKNIFTY,45500,13-Nov-2024,CE,7173.75
BANKNIFTY,45500,27-Nov-2024,PE,21.95
BANKNIFTY,45500,27-Nov-2024,CE,7301.85
BANKNIFTY,45500,24-Dec-2024,PE,45.15
BANKNIFTY,45500,24-Dec-2024,CE,7865.2
BANKNIFTY,46000,06-Nov-2024,PE,2.35
BANKNIFTY,46000,06-Nov-2024,CE,5626.3
BANKNIFTY,46000,13-Nov-2024,PE,3.05
BANKNIFTY,46000,13-Nov-2024,CE,6619.65
BANKNIFTY,46000,27-Nov-2024,PE,50.0
BANKNIFTY,46000,27-Nov-2024,CE,5953.5
BANKNIFTY,46000,24-Dec-2024,PE,59.0
BANKNIFTY,46000,24-Dec-2024,CE,6759.55
BANKNIFTY,46000,29-Jan-2025,PE,13.0
BANKNIFTY,46500,06-Nov-2024,PE,2.35
BANKNIFTY,46500,06-Nov-2024,CE,5232.95
BANKNIFTY,46500,13-Nov-2024,PE,4.0
BANKNIFTY,46500,13-Nov-2024,CE,5948.15
BANKNIFTY,46500,27-Nov-2024,PE,57.15
BANKNIFTY,46500,27-Nov-2024,CE,5941.75
BANKNIFTY,46500,24-Dec-2024,PE,103.1
BANKNIFTY,46500,24-Dec-2024,CE,6706.35
BANKNIFTY,46500,29-Jan-2025,PE,125.0
BANKNIFTY,46500,26-Mar-2025,PE,230.0
BANKNIFTY,47000,06-Nov-2024,PE,2.5
BANKNIFTY,47000,06-Nov-2024,CE,4731.6
BANKNIFTY,47000,13-Nov-2024,PE,8.05
BANKNIFTY,47000,13-Nov-2024,CE,5398.55
BANKNIFTY,47000,27-Nov-2024,PE,78.0
BANKNIFTY,47000,27-Nov-2024,CE,4981.35
BANKNIFTY,47000,24-Dec-2024,PE,155.0
BANKNIFTY,47000,24-Dec-2024,CE,5998.4
BANKNIFTY,47000,29-Jan-2025,PE,142.4
BANKNIFTY,47500,06-Nov-2024,PE,2.85
BANKNIFTY,47500,06-Nov-2024,CE,4233.3
BANKNIFTY,47500,13-Nov-2024,PE,23.0
BANKNIFTY,47500,13-Nov-2024,CE,4996.55
BANKNIFTY,47500,27-Nov-2024,PE,97.7
BANKNIFTY,47500,27-Nov-2024,CE,4604.25
BANKNIFTY,47500,24-Dec-2024,PE,167.0
BANKNIFTY,47500,24-Dec-2024,CE,5339.65
BANKNIFTY,47500,29-Jan-2025,PE,170.0
BANKNIFTY,47600,06-Nov-2024,PE,3.0
BANKNIFTY,47600,06-Nov-2024,CE,4129.55
BANKNIFTY,47600,27-Nov-2024,PE,46.05
BANKNIFTY,47600,27-Nov-2024,CE,5004.75
BANKNIFTY,47600,24-Dec-2024,PE,147.25
BANKNIFTY,47600,24-Dec-2024,CE,5535.45
BANKNIFTY,47700,06-Nov-2024,PE,3.45
BANKNIFTY,47700,06-Nov-2024,CE,4028.3
BANKNIFTY,47700,27-Nov-2024,PE,29.6
BANKNIFTY,47700,27-Nov-2024,CE,4777.2
BANKNIFTY,47700,24-Dec-2024,PE,0.5
BANKNIFTY,47700,24-Dec-2024,CE,5424.35
BANKNIFTY,47800,06-Nov-2024,PE,3.4
BANKNIFTY,47800,06-Nov-2024,CE,3930.5
BANKNIFTY,47800,13-Nov-2024,PE,6.1
BANKNIFTY,47800,13-Nov-2024,CE,4660.6
BANKNIFTY,47800,27-Nov-2024,PE,49.6
BANKNIFTY,47800,27-Nov-2024,CE,4794.2
BANKNIFTY,47800,24-Dec-2024,PE,0.5
BANKNIFTY,47800,24-Dec-2024,CE,5332.4
BANKNIFTY,47900,06-Nov-2024,PE,3.45
BANKNIFTY,47900,06-Nov-2024,CE,3841.7
BANKNIFTY,47900,13-Nov-2024,PE,3.15
BANKNIFTY,47900,13-Nov-2024,CE,4576.05
BANKNIFTY,47900,27-Nov-2024,PE,23.55
BANKNIFTY,47900,27-Nov-2024,CE,4684.85
BANKNIFTY,47900,24-Dec-2024,PE,0.5
BANKNIFTY,47900,24-Dec-2024,CE,5205.15
BANKNIFTY,48000,06-Nov-2024,PE,5.0
BANKNIFTY,48000,06-Nov-2024,CE,3659.55
BANKNIFTY,48000,13-Nov-2024,PE,34.25
BANKNIFTY,48000,13-Nov-2024,CE,4363.45
BANKNIFTY,48000,27-Nov-2024,PE,129.05
BANKNIFTY,48000,27-Nov-2024,CE,4039.75
BANKNIFTY,48000,24-Dec-2024,PE,224.35
BANKNIFTY,48000,24-Dec-2024,CE,4452.2
BANKNIFTY,48000,29-Jan-2025,PE,256.0
BANKNIFTY,48000,26-Mar-2025,PE,429.0
BANKNIFTY,48100,06-Nov-2024,PE,5.95
BANKNIFTY,48100,06-Nov-2024,CE,3622.9
BANKNIFTY,48100,13-Nov-2024,PE,3.15
BANKNIFTY,48100,13-Nov-2024,CE,4331.9
BANKNIFTY,48100,27-Nov-2024,PE,64.5
BANKNIFTY,48100,27-Nov-2024,CE,4421.9
BANKNIFTY,48100,24-Dec-2024,PE,0.5
BANKNIFTY,48100,24-Dec-2024,CE,5088.9
BANKNIFTY,48200,06-Nov-2024,PE,6.1
BANKNIFTY,48200,06-Nov-2024,CE,3523.6
BANKNIFTY,48200,13-Nov-2024,PE,25.0
BANKNIFTY,48200,13-Nov-2024,CE,4223.75
BANKNIFTY,48200,27-Nov-2024,PE,69.45
BANKNIFTY,48200,27-Nov-2024,CE,4365.75
BANKNIFTY,48200,24-Dec-2024,PE,0.5
BANKNIFTY,48200,24-Dec-2024,CE,5008.15
BANKNIFTY,48300,06-Nov-2024,PE,6.3
BANKNIFTY,48300,06-Nov-2024,CE,3432.7
BANKNIFTY,48300,13-Nov-2024,PE,26.0
BANKNIFTY,48300,13-Nov-2024,CE,4143.9
BANKNIFTY,48300,27-Nov-2024,PE,141.0
BANKNIFTY,48300,27-Nov-2024,CE,4213.85
BANKNIFTY,48300,24-Dec-2024,PE,0.5
BANKNIFTY,48300,24-Dec-2024,CE,4910.45
BANKNIFTY,48400,06-Nov-2024,PE,7.7
BANKNIFTY,48400,06-Nov-2024,CE,3361.9
BANKNIFTY,48400,13-Nov-2024,PE,30.0
BANKNIFTY,48400,13-Nov-2024,CE,4006.65
BANKNIFTY,48400,27-Nov-2024,PE,148.7
BANKNIFTY,48400,27-Nov-2024,CE,4110.3
BANKNIFTY,48400,24-Dec-2024,PE,0.5
BANKNIFTY,48400,24-Dec-2024,CE,4804.25
BANKNIFTY,48500,06-Nov-2024,PE,9.2
BANKNIFTY,48500,06-Nov-2024,CE,3238.2
BANKNIFTY,48500,13-Nov-2024,PE,52.45
BANKNIFTY,48500,13-Nov-2024,CE,3904.85
BANKNIFTY,48500,27-Nov-2024,PE,160.85
BANKNIFTY,48500,27-Nov-2024,CE,3604.8
BANKNIFTY,48500,24-Dec-2024,PE,257.25
BANKNIFTY,48500,24-Dec-2024,CE,4079.3
BANKNIFTY,48600,06-Nov-2024,PE,10.2
BANKNIFTY,48600,06-Nov-2024,CE,3066.4
BANKNIFTY,48600,13-Nov-2024,PE,22.25
BANKNIFTY,48600,13-Nov-2024,CE,3825.6
BANKNIFTY,48600,27-Nov-2024,PE,110.0
BANKNIFTY,48600,27-Nov-2024,CE,4166.25
BANKNIFTY,48600,24-Dec-2024,PE,0.5
BANKNIFTY,48600,24-Dec-2024,CE,4577.85
BANKNIFTY,48700,06-Nov-2024,PE,11.25
BANKNIFTY,48700,06-Nov-2024,CE,3066.2
BANKNIFTY,48700,13-Nov-2024,PE,6.15
BANKNIFTY,48700,13-Nov-2024,CE,3720.65
BANKNIFTY,48700,27-Nov-2024,PE,25.05
BANKNIFTY,48700,27-Nov-2024,CE,4056.05
BANKNIFTY,48700,24-Dec-2024,PE,0.5
BANKNIFTY,48700,24-Dec-2024,CE,4436.0
BANKNIFTY,48800,06-Nov-2024,PE,13.2
BANKNIFTY,48800,06-Nov-2024,CE,2927.0
BANKNIFTY,48800,13-Nov-2024,PE,30.5
BANKNIFTY,48800,13-Nov-2024,CE,3627.55
BANKNIFTY,48800,27-Nov-2024,PE,178.8
BANKNIFTY,48800,27-Nov-2024,CE,3822.3
BANKNIFTY,48800,24-Dec-2024,PE,0.0
BANKNIFTY,48800,24-Dec-2024,CE,4324.75
BANKNIFTY,48900,06-Nov-2024,PE,15.5
BANKNIFTY,48900,06-Nov-2024,CE,2829.05
BANKNIFTY,48900,13-Nov-2024,PE,20.05
BANKNIFTY,48900,13-Nov-2024,CE,3513.15
BANKNIFTY,48900,27-Nov-2024,PE,0.2
BANKNIFTY,48900,27-Nov-2024,CE,3758.5
BANKNIFTY,48900,24-Dec-2024,PE,0.5
BANKNIFTY,48900,24-Dec-2024,CE,4250.3
BANKNIFTY,49000,06-Nov-2024,PE,19.3
BANKNIFTY,49000,06-Nov-2024,CE,2726.65
BANKNIFTY,49000,13-Nov-2024,PE,80.15
BANKNIFTY,49000,13-Nov-2024,CE,3306.1
BANKNIFTY,49000,27-Nov-2024,PE,207.45
BANKNIFTY,49000,27-Nov-2024,CE,3143.35
BANKNIFTY,49000,24-Dec-2024,PE,335.6
BANKNIFTY,49000,24-Dec-2024,CE,3598.85
BANKNIFTY,49000,29-Jan-2025,PE,424.95
BANKNIFTY,49100,06-Nov-2024,PE,19.85
BANKNIFTY,49100,06-Nov-2024,CE,2648.0
BANKNIFTY,49100,13-Nov-2024,PE,54.05
BANKNIFTY,49100,13-Nov-2024,CE,3558.8
BANKNIFTY,49100,27-Nov-2024,PE,211.7
BANKNIFTY,49100,27-Nov-2024,CE,3555.85
BANKNIFTY,49100,24-Dec-2024,PE,0.5
BANKNIFTY,49100,24-Dec-2024,CE,4329.2
BANKNIFTY,49200,06-Nov-2024,PE,23.05
BANKNIFTY,49200,06-Nov-2024,CE,2504.65
BANKNIFTY,49200,13-Nov-2024,PE,59.5
BANKNIFTY,49200,13-Nov-2024,CE,3415.0
BANKNIFTY,49200,27-Nov-2024,PE,231.0
BANKNIFTY,49200,27-Nov-2024,CE,3402.1
BANKNIFTY,49200,24-Dec-2024,PE,270.0
BANKNIFTY,49200,24-Dec-2024,CE,4177.45
BANKNIFTY,49300,06-Nov-2024,PE,26.15
BANKNIFTY,49300,06-Nov-2024,CE,2458.45
BANKNIFTY,49300,13-Nov-2024,PE,65.7
BANKNIFTY,49300,13-Nov-2024,CE,3314.05
BANKNIFTY,49300,27-Nov-2024,PE,242.6
BANKNIFTY,49300,27-Nov-2024,CE,3337.2
BANKNIFTY,49300,24-Dec-2024,CE,4073.2
BANKNIFTY,49400,06-Nov-2024,PE,30.1
BANKNIFTY,49400,06-Nov-2024,CE,2341.25
BANKNIFTY,49400,13-Nov-2024,PE,85.2
BANKNIFTY,49400,13-Nov-2024,CE,3038.7
BANKNIFTY,49400,27-Nov-2024,PE,255.05
BANKNIFTY,49400,27-Nov-2024,CE,3234.7
BANKNIFTY,49400,24-Dec-2024,PE,0.0
BANKNIFTY,49400,24-Dec-2024,CE,3960.55
BANKNIFTY,49500,06-Nov-2024,PE,35.75
BANKNIFTY,49500,06-Nov-2024,CE,2134.5
BANKNIFTY,49500,13-Nov-2024,PE,128.2
BANKNIFTY,49500,13-Nov-2024,CE,2907.45
BANKNIFTY,49500,27-Nov-2024,PE,274.05
BANKNIFTY,49500,27-Nov-2024,CE,2715.35
BANKNIFTY,49500,24-Dec-2024,PE,398.8
BANKNIFTY,49500,24-Dec-2024,CE,3170.1
BANKNIFTY,49500,29-Jan-2025,PE,473.35
BANKNIFTY,49500,26-Mar-2025,PE,660.4
BANKNIFTY,49500,25-Jun-2025,PE,903.0
BANKNIFTY,49600,06-Nov-2024,PE,39.6
BANKNIFTY,49600,06-Nov-2024,CE,2166.6
BANKNIFTY,49600,13-Nov-2024,PE,135.05
BANKNIFTY,49600,13-Nov-2024,CE,2823.45
BANKNIFTY,49600,27-Nov-2024,PE,207.65
BANKNIFTY,49600,27-Nov-2024,CE,3088.15
BANKNIFTY,49600,24-Dec-2024,PE,0.5
BANKNIFTY,49600,24-Dec-2024,CE,3742.75
BANKNIFTY,49700,06-Nov-2024,PE,45.65
BANKNIFTY,49700,06-Nov-2024,CE,2107.6
BANKNIFTY,49700,13-Nov-2024,PE,126.4
BANKNIFTY,49700,13-Nov-2024,CE,2758.9
BANKNIFTY,49700,27-Nov-2024,PE,250.05
BANKNIFTY,49700,27-Nov-2024,CE,2986.95
BANKNIFTY,49700,24-Dec-2024,CE,3639.9
BANKNIFTY,49800,06-Nov-2024,PE,53.0
BANKNIFTY,49800,06-Nov-2024,CE,1979.85
BANKNIFTY,49800,13-Nov-2024,PE,160.55
BANKNIFTY,49800,13-Nov-2024,CE,2591.3
BANKNIFTY,49800,27-Nov-2024,PE,224.25
BANKNIFTY,49800,27-Nov-2024,CE,2861.6
BANKNIFTY,49800,24-Dec-2024,PE,75.65
BANKNIFTY,49800,24-Dec-2024,CE,3523.6
BANKNIFTY,49900,06-Nov-2024,PE,60.7
BANKNIFTY,49900,06-Nov-2024,CE,1892.45
BANKNIFTY,49900,13-Nov-2024,PE,147.2
BANKNIFTY,49900,13-Nov-2024,CE,2528.0
BANKNIFTY,49900,27-Nov-2024,PE,322.05
BANKNIFTY,49900,27-Nov-2024,CE,2703.7
BANKNIFTY,49900,24-Dec-2024,CE,3415.5
BANKNIFTY,50000,06-Nov-2024,PE,69.1
BANKNIFTY,50000,06-Nov-2024,CE,1656.95
BANKNIFTY,50000,13-Nov-2024,PE,195.05
BANKNIFTY,50000,13-Nov-2024,CE,1999.95
BANKNIFTY,50000,27-Nov-2024,PE,345.75
BANKNIFTY,50000,27-Nov-2024,CE,2285.0
BANKNIFTY,50000,24-Dec-2024,PE,517.5
BANKNIFTY,50000,24-Dec-2024,CE,2761.95
BANKNIFTY,50000,29-Jan-2025,PE,631.8
BANKNIFTY,50000,29-Jan-2025,CE,3303.0
BANKNIFTY,50100,06-Nov-2024,PE,78.25
BANKNIFTY,50100,06-Nov-2024,CE,1712.7
BANKNIFTY,50100,13-Nov-2024,PE,207.15
BANKNIFTY,50100,13-Nov-2024,CE,2301.0
BANKNIFTY,50100,27-Nov-2024,PE,256.1
BANKNIFTY,50100,27-Nov-2024,CE,2393.05
BANKNIFTY,50100,24-Dec-2024,PE,227.6
BANKNIFTY,50100,24-Dec-2024,CE,3327.65
BANKNIFTY,50200,06-Nov-2024,PE,89.05
BANKNIFTY,50200,06-Nov-2024,CE,1480.75
BANKNIFTY,50200,13-Nov-2024,PE,174.15
BANKNIFTY,50200,13-Nov-2024,CE,2205.55
BANKNIFTY,50200,27-Nov-2024,PE,360.05
BANKNIFTY,50200,27-Nov-2024,CE,2138.15
BANKNIFTY,50200,24-Dec-2024,PE,496.75
BANKNIFTY,50200,24-Dec-2024,CE,3227.55
BANKNIFTY,50200,29-Jan-2025,PE,638.3
BANKNIFTY,50300,06-Nov-2024,PE,101.3
BANKNIFTY,50300,06-Nov-2024,CE,1537.3
BANKNIFTY,50300,13-Nov-2024,PE,160.0
BANKNIFTY,50300,13-Nov-2024,CE,1866.25
BANKNIFTY,50300,27-Nov-2024,PE,377.3
BANKNIFTY,50300,27-Nov-2024,CE,2239.7
BANKNIFTY,50300,24-Dec-2024,PE,516.85
BANKNIFTY,50300,24-Dec-2024,CE,3115.55
BANKNIFTY,50300,29-Jan-2025,PE,661.4
BANKNIFTY,50300,29-Jan-2025,CE,3644.55
BANKNIFTY,50400,06-Nov-2024,PE,115.15
BANKNIFTY,50400,06-Nov-2024,CE,1307.7
BANKNIFTY,50400,13-Nov-2024,PE,254.9
BANKNIFTY,50400,13-Nov-2024,CE,2050.15
BANKNIFTY,50400,27-Nov-2024,PE,333.05
BANKNIFTY,50400,27-Nov-2024,CE,2206.25
BANKNIFTY,50400,24-Dec-2024,PE,331.4
BANKNIFTY,50400,24-Dec-2024,CE,3017.95
BANKNIFTY,50400,29-Jan-2025,PE,479.15
BANKNIFTY,50400,29-Jan-2025,CE,3546.95
BANKNIFTY,50500,06-Nov-2024,PE,131.55
BANKNIFTY,50500,06-Nov-2024,CE,1219.1
BANKNIFTY,50500,13-Nov-2024,PE,283.3
BANKNIFTY,50500,13-Nov-2024,CE,1541.2
BANKNIFTY,50500,27-Nov-2024,PE,457.25
BANKNIFTY,50500,27-Nov-2024,CE,1904.8
BANKNIFTY,50500,24-Dec-2024,PE,622.7
BANKNIFTY,50500,24-Dec-2024,CE,2422.35
BANKNIFTY,50500,29-Jan-2025,PE,760.85
BANKNIFTY,50500,29-Jan-2025,CE,3014.35
BANKNIFTY,50600,06-Nov-2024,PE,149.05
BANKNIFTY,50600,06-Nov-2024,CE,1141.7
BANKNIFTY,50600,13-Nov-2024,PE,280.1
BANKNIFTY,50600,13-Nov-2024,CE,1598.75
BANKNIFTY,50600,27-Nov-2024,PE,335.5
BANKNIFTY,50600,27-Nov-2024,CE,2001.4
BANKNIFTY,50600,24-Dec-2024,PE,484.1
BANKNIFTY,50600,24-Dec-2024,CE,2845.55
BANKNIFTY,50600,29-Jan-2025,PE,637.65
BANKNIFTY,50600,29-Jan-2025,CE,3374.75
BANKNIFTY,50700,06-Nov-2024,PE,168.05
BANKNIFTY,50700,06-Nov-2024,CE,1061.1
BANKNIFTY,50700,13-Nov-2024,PE,299.45
BANKNIFTY,50700,13-Nov-2024,CE,1724.0
BANKNIFTY,50700,27-Nov-2024,PE,351.75
BANKNIFTY,50700,27-Nov-2024,CE,1827.35
BANKNIFTY,50700,24-Dec-2024,PE,503.35
BANKNIFTY,50700,24-Dec-2024,CE,2741.85
BANKNIFTY,50700,29-Jan-2025,PE,659.9
BANKNIFTY,50700,29-Jan-2025,CE,3270.85
BANKNIFTY,50800,06-Nov-2024,PE,188.95
BANKNIFTY,50800,06-Nov-2024,CE,979.95
BANKNIFTY,50800,13-Nov-2024,PE,325.35
BANKNIFTY,50800,13-Nov-2024,CE,1612.55
BANKNIFTY,50800,27-Nov-2024,PE,510.05
BANKNIFTY,50800,27-Nov-2024,CE,1674.4
BANKNIFTY,50800,24-Dec-2024,PE,664.6
BANKNIFTY,50800,24-Dec-2024,CE,2641.9
BANKNIFTY,50800,29-Jan-2025,PE,823.15
BANKNIFTY,50800,29-Jan-2025,CE,3171.1
BANKNIFTY,50900,06-Nov-2024,PE,215.0
BANKNIFTY,50900,06-Nov-2024,CE,906.1
BANKNIFTY,50900,13-Nov-2024,PE,381.0
BANKNIFTY,50900,13-Nov-2024,CE,1206.15
BANKNIFTY,50900,27-Nov-2024,PE,549.55
BANKNIFTY,50900,27-Nov-2024,CE,1688.15
BANKNIFTY,50900,24-Dec-2024,PE,586.05
BANKNIFTY,50900,24-Dec-2024,CE,2550.8
BANKNIFTY,50900,29-Jan-2025,PE,737.2
BANKNIFTY,50900,29-Jan-2025,CE,3079.85
BANKNIFTY,51000,06-Nov-2024,PE,241.0
BANKNIFTY,51000,06-Nov-2024,CE,831.0
BANKNIFTY,51000,13-Nov-2024,PE,414.0
BANKNIFTY,51000,13-Nov-2024,CE,1128.55
BANKNIFTY,51000,27-Nov-2024,PE,586.45
BANKNIFTY,51000,27-Nov-2024,CE,1524.0
BANKNIFTY,51000,24-Dec-2024,PE,760.0
BANKNIFTY,51000,24-Dec-2024,CE,2029.3
BANKNIFTY,51000,29-Jan-2025,PE,832.55
BANKNIFTY,51000,29-Jan-2025,CE,2646.45
BANKNIFTY,51000,26-Mar-2025,PE,1037.55
BANKNIFTY,51000,26-Mar-2025,CE,3379.25
BANKNIFTY,51100,06-Nov-2024,PE,270.0
BANKNIFTY,51100,06-Nov-2024,CE,763.3
BANKNIFTY,51100,13-Nov-2024,PE,433.0
BANKNIFTY,51100,13-Nov-2024,CE,1071.1
BANKNIFTY,51100,27-Nov-2024,PE,595.05
BANKNIFTY,51100,27-Nov-2024,CE,1485.5
BANKNIFTY,51100,24-Dec-2024,PE,728.5
BANKNIFTY,51100,24-Dec-2024,CE,2048.0
BANKNIFTY,51100,29-Jan-2025,PE,888.0
BANKNIFTY,51100,29-Jan-2025,CE,2730.85
BANKNIFTY,51200,06-Nov-2024,PE,302.05
BANKNIFTY,51200,06-Nov-2024,CE,694.1
BANKNIFTY,51200,13-Nov-2024,PE,470.6
BANKNIFTY,51200,13-Nov-2024,CE,994.85
BANKNIFTY,51200,27-Nov-2024,PE,626.8
BANKNIFTY,51200,27-Nov-2024,CE,1392.1
BANKNIFTY,51200,24-Dec-2024,PE,767.2
BANKNIFTY,51200,24-Dec-2024,CE,2118.2
BANKNIFTY,51200,29-Jan-2025,PE,921.15
BANKNIFTY,51200,29-Jan-2025,CE,2712.65
BANKNIFTY,51300,06-Nov-2024,PE,340.0
BANKNIFTY,51300,06-Nov-2024,CE,627.8
BANKNIFTY,51300,13-Nov-2024,PE,510.75
BANKNIFTY,51300,13-Nov-2024,CE,934.45
BANKNIFTY,51300,27-Nov-2024,PE,667.85
BANKNIFTY,51300,27-Nov-2024,CE,1320.65
BANKNIFTY,51300,24-Dec-2024,PE,820.0
BANKNIFTY,51300,24-Dec-2024,CE,1858.05
BANKNIFTY,51300,29-Jan-2025,PE,967.05
BANKNIFTY,51300,29-Jan-2025,CE,2520.75
BANKNIFTY,51400,06-Nov-2024,PE,379.9
BANKNIFTY,51400,06-Nov-2024,CE,560.9
BANKNIFTY,51400,13-Nov-2024,PE,545.85
BANKNIFTY,51400,13-Nov-2024,CE,859.9
BANKNIFTY,51400,27-Nov-2024,PE,710.0
BANKNIFTY,51400,27-Nov-2024,CE,1257.9
BANKNIFTY,51400,24-Dec-2024,PE,858.0
BANKNIFTY,51400,24-Dec-2024,CE,1800.6
BANKNIFTY,51400,29-Jan-2025,PE,994.25
BANKNIFTY,51400,29-Jan-2025,CE,2400.4
BANKNIFTY,51500,06-Nov-2024,PE,422.1
BANKNIFTY,51500,06-Nov-2024,CE,504.9
BANKNIFTY,51500,13-Nov-2024,PE,589.6
BANKNIFTY,51500,13-Nov-2024,CE,796.15
BANKNIFTY,51500,27-Nov-2024,PE,740.05
BANKNIFTY,51500,27-Nov-2024,CE,1184.95
BANKNIFTY,51500,24-Dec-2024,PE,917.05
BANKNIFTY,51500,24-Dec-2024,CE,1696.2
BANKNIFTY,51500,29-Jan-2025,PE,1048.35
BANKNIFTY,51500,29-Jan-2025,CE,2224.1
BANKNIFTY,51600,06-Nov-2024,PE,465.8
BANKNIFTY,51600,06-Nov-2024,CE,449.2
BANKNIFTY,51600,13-Nov-2024,PE,632.0
BANKNIFTY,51600,13-Nov-2024,CE,747.6
BANKNIFTY,51600,27-Nov-2024,PE,773.2
BANKNIFTY,51600,27-Nov-2024,CE,1139.5
BANKNIFTY,51600,24-Dec-2024,PE,721.55
BANKNIFTY,51600,24-Dec-2024,CE,1653.75
BANKNIFTY,51600,29-Jan-2025,PE,795.75
BANKNIFTY,51600,29-Jan-2025,CE,2405.15
BANKNIFTY,51700,06-Nov-2024,PE,518.0
BANKNIFTY,51700,06-Nov-2024,CE,399.9
BANKNIFTY,51700,13-Nov-2024,PE,669.15
BANKNIFTY,51700,13-Nov-2024,CE,678.9
BANKNIFTY,51700,27-Nov-2024,PE,819.0
BANKNIFTY,51700,27-Nov-2024,CE,1059.9
BANKNIFTY,51700,24-Dec-2024,PE,940.5
BANKNIFTY,51700,24-Dec-2024,CE,1606.0
BANKNIFTY,51700,29-Jan-2025,PE,1070.85
BANKNIFTY,51700,29-Jan-2025,CE,2203.0
BANKNIFTY,51800,06-Nov-2024,PE,567.95
BANKNIFTY,51800,06-Nov-2024,CE,354.0
BANKNIFTY,51800,13-Nov-2024,PE,717.05
BANKNIFTY,51800,13-Nov-2024,CE,627.65
BANKNIFTY,51800,27-Nov-2024,PE,861.0
BANKNIFTY,51800,27-Nov-2024,CE,1003.0
BANKNIFTY,51800,24-Dec-2024,PE,1000.0
BANKNIFTY,51800,24-Dec-2024,CE,1543.85
BANKNIFTY,51800,29-Jan-2025,PE,1087.85
BANKNIFTY,51800,29-Jan-2025,CE,2147.45
BANKNIFTY,51900,06-Nov-2024,PE,626.4
BANKNIFTY,51900,06-Nov-2024,CE,311.4
BANKNIFTY,51900,13-Nov-2024,PE,754.4
BANKNIFTY,51900,13-Nov-2024,CE,576.3
BANKNIFTY,51900,27-Nov-2024,PE,890.85
BANKNIFTY,51900,27-Nov-2024,CE,944.0
BANKNIFTY,51900,24-Dec-2024,PE,995.55
BANKNIFTY,51900,24-Dec-2024,CE,1500.0
BANKNIFTY,51900,29-Jan-2025,PE,1101.95
BANKNIFTY,51900,29-Jan-2025,CE,2075.0
BANKNIFTY,52000,06-Nov-2024,PE,685.0
BANKNIFTY,52000,06-Nov-2024,CE,270.1
BANKNIFTY,52000,13-Nov-2024,PE,812.5
BANKNIFTY,52000,13-Nov-2024,CE,526.2
BANKNIFTY,52000,27-Nov-2024,PE,942.0
BANKNIFTY,52000,27-Nov-2024,CE,891.95
BANKNIFTY,52000,24-Dec-2024,PE,1090.7
BANKNIFTY,52000,24-Dec-2024,CE,1380.0
BANKNIFTY,52000,29-Jan-2025,PE,1171.0
BANKNIFTY,52000,29-Jan-2025,CE,1844.95
BANKNIFTY,52100,06-Nov-2024,PE,741.45
BANKNIFTY,52100,06-Nov-2024,CE,235.3
BANKNIFTY,52100,13-Nov-2024,PE,852.05
BANKNIFTY,52100,13-Nov-2024,CE,481.9
BANKNIFTY,52100,27-Nov-2024,PE,958.5
BANKNIFTY,52100,27-Nov-2024,CE,843.7
BANKNIFTY,52100,24-Dec-2024,PE,1021.6
BANKNIFTY,52100,24-Dec-2024,CE,1405.7
BANKNIFTY,52100,29-Jan-2025,PE,1280.65
BANKNIFTY,52100,29-Jan-2025,CE,1968.55
BANKNIFTY,52200,06-Nov-2024,PE,811.75
BANKNIFTY,52200,06-Nov-2024,CE,207.6
BANKNIFTY,52200,13-Nov-2024,PE,877.8
BANKNIFTY,52200,13-Nov-2024,CE,431.45
BANKNIFTY,52200,27-Nov-2024,PE,1026.65
BANKNIFTY,52200,27-Nov-2024,CE,783.45
BANKNIFTY,52200,24-Dec-2024,PE,1118.75
BANKNIFTY,52200,24-Dec-2024,CE,1713.9
BANKNIFTY,52200,29-Jan-2025,PE,0.0
BANKNIFTY,52200,29-Jan-2025,CE,2273.65
BANKNIFTY,52300,06-Nov-2024,PE,888.0
BANKNIFTY,52300,06-Nov-2024,CE,177.0
BANKNIFTY,52300,13-Nov-2024,PE,961.75
BANKNIFTY,52300,13-Nov-2024,CE,392.95
BANKNIFTY,52300,27-Nov-2024,PE,1070.2
BANKNIFTY,52300,27-Nov-2024,CE,735.35
BANKNIFTY,52300,24-Dec-2024,PE,1172.45
BANKNIFTY,52300,24-Dec-2024,CE,1478.1
BANKNIFTY,52300,29-Jan-2025,PE,0.0
BANKNIFTY,52300,29-Jan-2025,CE,2029.9
BANKNIFTY,52400,06-Nov-2024,PE,952.95
BANKNIFTY,52400,06-Nov-2024,CE,148.85
BANKNIFTY,52400,13-Nov-2024,PE,970.15
BANKNIFTY,52400,13-Nov-2024,CE,347.6
BANKNIFTY,52400,27-Nov-2024,PE,1114.05
BANKNIFTY,52400,27-Nov-2024,CE,694.5
BANKNIFTY,52400,24-Dec-2024,PE,0.0
BANKNIFTY,52400,24-Dec-2024,CE,1220.4
BANKNIFTY,52400,29-Jan-2025,PE,0.0
BANKNIFTY,52400,29-Jan-2025,CE,1767.75
BANKNIFTY,52500,06-Nov-2024,PE,1037.0
BANKNIFTY,52500,06-Nov-2024,CE,122.9
BANKNIFTY,52500,13-Nov-2024,PE,1056.85
BANKNIFTY,52500,13-Nov-2024,CE,305.25
BANKNIFTY,52500,27-Nov-2024,PE,1179.65
BANKNIFTY,52500,27-Nov-2024,CE,638.35
BANKNIFTY,52500,24-Dec-2024,PE,1310.0
BANKNIFTY,52500,24-Dec-2024,CE,1134.05
BANKNIFTY,52500,29-Jan-2025,PE,1460.0
BANKNIFTY,52500,29-Jan-2025,CE,1682.75
BANKNIFTY,52500,26-Mar-2025,PE,1506.65
BANKNIFTY,52500,25-Jun-2025,CE,3700.0
BANKNIFTY,52600,06-Nov-2024,PE,1110.35
BANKNIFTY,52600,06-Nov-2024,CE,104.65
BANKNIFTY,52600,13-Nov-2024,PE,1142.45
BANKNIFTY,52600,13-Nov-2024,CE,271.55
BANKNIFTY,52600,27-Nov-2024,PE,1224.95
BANKNIFTY,52600,27-Nov-2024,CE,610.95
BANKNIFTY,52600,24-Dec-2024,PE,0.0
BANKNIFTY,52600,24-Dec-2024,CE,1153.7
BANKNIFTY,52600,29-Jan-2025,CE,1687.25
BANKNIFTY,52700,06-Nov-2024,PE,1199.95
BANKNIFTY,52700,06-Nov-2024,CE,87.35
BANKNIFTY,52700,13-Nov-2024,PE,0.5
BANKNIFTY,52700,13-Nov-2024,CE,239.4
BANKNIFTY,52700,27-Nov-2024,PE,1273.45
BANKNIFTY,52700,27-Nov-2024,CE,548.75
BANKNIFTY,52700,24-Dec-2024,PE,0.0
BANKNIFTY,52700,24-Dec-2024,CE,1041.0
BANKNIFTY,52700,29-Jan-2025,CE,1600.65
BANKNIFTY,52800,06-Nov-2024,PE,1276.15
BANKNIFTY,52800,06-Nov-2024,CE,72.6
BANKNIFTY,52800,13-Nov-2024,PE,1241.05
BANKNIFTY,52800,13-Nov-2024,CE,205.0
BANKNIFTY,52800,27-Nov-2024,PE,1341.65
BANKNIFTY,52800,27-Nov-2024,CE,525.85
BANKNIFTY,52800,24-Dec-2024,PE,0.0
BANKNIFTY,52800,24-Dec-2024,CE,980.0
BANKNIFTY,52900,06-Nov-2024,PE,1365.25
BANKNIFTY,52900,06-Nov-2024,CE,60.1
BANKNIFTY,52900,13-Nov-2024,PE,0.0
BANKNIFTY,52900,13-Nov-2024,CE,179.0
BANKNIFTY,52900,27-Nov-2024,PE,1409.4
BANKNIFTY,52900,27-Nov-2024,CE,495.5
BANKNIFTY,52900,24-Dec-2024,PE,1129.1
BANKNIFTY,52900,24-Dec-2024,CE,983.75
BANKNIFTY,53000,06-Nov-2024,PE,1456.75
BANKNIFTY,53000,06-Nov-2024,CE,48.05
BANKNIFTY,53000,13-Nov-2024,PE,1366.25
BANKNIFTY,53000,13-Nov-2024,CE,149.7
BANKNIFTY,53000,27-Nov-2024,PE,1477.0
BANKNIFTY,53000,27-Nov-2024,CE,434.9
BANKNIFTY,53000,24-Dec-2024,PE,1556.35
BANKNIFTY,53000,24-Dec-2024,CE,860.0
BANKNIFTY,53000,29-Jan-2025,PE,1550.65
BANKNIFTY,53000,29-Jan-2025,CE,1310.0
BANKNIFTY,53100,06-Nov-2024,PE,1470.9
BANKNIFTY,53100,06-Nov-2024,CE,40.85
BANKNIFTY,53100,13-Nov-2024,PE,0.0
BANKNIFTY,53100,13-Nov-2024,CE,135.45
BANKNIFTY,53100,27-Nov-2024,PE,1261.2
BANKNIFTY,53100,27-Nov-2024,CE,414.3
BANKNIFTY,53100,24-Dec-2024,PE,0.0
BANKNIFTY,53200,06-Nov-2024,PE,1635.9
BANKNIFTY,53200,06-Nov-2024,CE,34.1
BANKNIFTY,53200,13-Nov-2024,PE,1144.35
BANKNIFTY,53200,13-Nov-2024,CE,112.25
BANKNIFTY,53200,27-Nov-2024,PE,1344.75
BANKNIFTY,53200,27-Nov-2024,CE,374.5
BANKNIFTY,53200,24-Dec-2024,PE,0.0
BANKNIFTY,53200,24-Dec-2024,CE,0.0
BANKNIFTY,53300,06-Nov-2024,PE,1670.0
BANKNIFTY,53300,06-Nov-2024,CE,27.6
BANKNIFTY,53300,13-Nov-2024,PE,1214.5
BANKNIFTY,53300,13-Nov-2024,CE,98.0
BANKNIFTY,53300,27-Nov-2024,PE,1530.25
BANKNIFTY,53300,27-Nov-2024,CE,371.8
BANKNIFTY,53300,24-Dec-2024,PE,0.0
BANKNIFTY,53300,24-Dec-2024,CE,0.0
BANKNIFTY,53400,06-Nov-2024,PE,1796.6
BANKNIFTY,53400,06-Nov-2024,CE,22.8
BANKNIFTY,53400,13-Nov-2024,PE,1275.95
BANKNIFTY,53400,13-Nov-2024,CE,88.55
BANKNIFTY,53400,27-Nov-2024,PE,1564.45
BANKNIFTY,53400,27-Nov-2024,CE,321.8
BANKNIFTY,53400,24-Dec-2024,PE,0.0
BANKNIFTY,53400,24-Dec-2024,CE,1073.75
BANKNIFTY,53500,06-Nov-2024,PE,1923.4
BANKNIFTY,53500,06-Nov-2024,CE,18.85
BANKNIFTY,53500,13-Nov-2024,PE,1426.2
BANKNIFTY,53500,13-Nov-2024,CE,65.05
BANKNIFTY,53500,27-Nov-2024,PE,1808.05
BANKNIFTY,53500,27-Nov-2024,CE,276.0
BANKNIFTY,53500,24-Dec-2024,PE,1826.4
BANKNIFTY,53500,24-Dec-2024,CE,666.0
BANKNIFTY,53500,29-Jan-2025,CE,1179.95
BANKNIFTY,53600,06-Nov-2024,PE,1905.5
BANKNIFTY,53600,06-Nov-2024,CE,15.6
BANKNIFTY,53600,13-Nov-2024,PE,1420.15
BANKNIFTY,53600,13-Nov-2024,CE,67.75
BANKNIFTY,53600,27-Nov-2024,PE,1855.65
BANKNIFTY,53600,27-Nov-2024,CE,277.65
BANKNIFTY,53600,24-Dec-2024,PE,0.0
BANKNIFTY,53700,06-Nov-2024,PE,2003.45
BANKNIFTY,53700,06-Nov-2024,CE,12.35
BANKNIFTY,53700,13-Nov-2024,PE,1541.65
BANKNIFTY,53700,13-Nov-2024,CE,63.55
BANKNIFTY,53700,27-Nov-2024,PE,1775.25
BANKNIFTY,53700,27-Nov-2024,CE,230.0
BANKNIFTY,53700,24-Dec-2024,PE,0.0
BANKNIFTY,53800,06-Nov-2024,PE,2072.95
BANKNIFTY,53800,06-Nov-2024,CE,9.95
BANKNIFTY,53800,13-Nov-2024,PE,1604.45
BANKNIFTY,53800,13-Nov-2024,CE,58.5
BANKNIFTY,53800,27-Nov-2024,PE,1726.5
BANKNIFTY,53800,27-Nov-2024,CE,204.0
BANKNIFTY,53800,24-Dec-2024,PE,0.0
BANKNIFTY,53900,06-Nov-2024,PE,2195.3
BANKNIFTY,53900,06-Nov-2024,CE,8.15
BANKNIFTY,53900,13-Nov-2024,PE,1697.4
BANKNIFTY,53900,13-Nov-2024,CE,41.0
BANKNIFTY,53900,27-Nov-2024,PE,1776.8
BANKNIFTY,53900,27-Nov-2024,CE,256.55
BANKNIFTY,53900,24-Dec-2024,PE,0.0
BANKNIFTY,53900,24-Dec-2024,CE,886.95
BANKNIFTY,54000,06-Nov-2024,PE,2407.5
BANKNIFTY,54000,06-Nov-2024,CE,7.05
BANKNIFTY,54000,13-Nov-2024,PE,1914.05
BANKNIFTY,54000,13-Nov-2024,CE,33.55
BANKNIFTY,54000,27-Nov-2024,PE,2187.3
BANKNIFTY,54000,27-Nov-2024,CE,171.8
BANKNIFTY,54000,24-Dec-2024,PE,2158.0
BANKNIFTY,54000,24-Dec-2024,CE,497.25
BANKNIFTY,54000,29-Jan-2025,CE,915.75
BANKNIFTY,54000,26-Mar-2025,PE,2195.0
BANKNIFTY,54000,26-Mar-2025,CE,1680.0
BANKNIFTY,54100,06-Nov-2024,PE,2381.25
BANKNIFTY,54100,06-Nov-2024,CE,6.05
BANKNIFTY,54100,13-Nov-2024,PE,1896.45
BANKNIFTY,54100,13-Nov-2024,CE,38.5
BANKNIFTY,54100,27-Nov-2024,PE,1975.3
BANKNIFTY,54100,27-Nov-2024,CE,154.3
BANKNIFTY,54100,24-Dec-2024,PE,0.0
BANKNIFTY,54200,06-Nov-2024,PE,2588.85
BANKNIFTY,54200,06-Nov-2024,CE,5.2
BANKNIFTY,54200,13-Nov-2024,PE,1994.25
BANKNIFTY,54200,13-Nov-2024,CE,38.0
BANKNIFTY,54200,27-Nov-2024,PE,2058.3
BANKNIFTY,54200,27-Nov-2024,CE,145.85
BANKNIFTY,54200,24-Dec-2024,PE,1787.85
BANKNIFTY,54200,24-Dec-2024,CE,0.0
BANKNIFTY,54300,06-Nov-2024,PE,2591.0
BANKNIFTY,54300,06-Nov-2024,CE,4.05
BANKNIFTY,54300,13-Nov-2024,PE,2086.7
BANKNIFTY,54300,13-Nov-2024,CE,40.0
BANKNIFTY,54300,27-Nov-2024,PE,2270.65
BANKNIFTY,54300,27-Nov-2024,CE,169.05
BANKNIFTY,54300,24-Dec-2024,PE,1836.85
BANKNIFTY,54400,06-Nov-2024,PE,2689.65
BANKNIFTY,54400,06-Nov-2024,CE,3.6
BANKNIFTY,54400,13-Nov-2024,PE,2162.9
BANKNIFTY,54400,13-Nov-2024,CE,33.2
BANKNIFTY,54400,27-Nov-2024,PE,2174.95
BANKNIFTY,54400,27-Nov-2024,CE,129.9
BANKNIFTY,54400,24-Dec-2024,PE,1885.2
BANKNIFTY,54400,24-Dec-2024,CE,0.0
BANKNIFTY,54500,06-Nov-2024,PE,2754.4
BANKNIFTY,54500,06-Nov-2024,CE,3.55
BANKNIFTY,54500,13-Nov-2024,PE,2256.4
BANKNIFTY,54500,13-Nov-2024,CE,22.0
BANKNIFTY,54500,27-Nov-2024,PE,2615.15
BANKNIFTY,54500,27-Nov-2024,CE,97.35
BANKNIFTY,54500,24-Dec-2024,PE,2421.55
BANKNIFTY,54500,24-Dec-2024,CE,419.95
BANKNIFTY,54500,29-Jan-2025,CE,949.8
BANKNIFTY,54600,06-Nov-2024,PE,2853.1
BANKNIFTY,54600,06-Nov-2024,CE,3.3
BANKNIFTY,54600,13-Nov-2024,PE,2348.25
BANKNIFTY,54600,13-Nov-2024,CE,22.0
BANKNIFTY,54600,27-Nov-2024,PE,2320.15
BANKNIFTY,54600,27-Nov-2024,CE,88.15
BANKNIFTY,54600,24-Dec-2024,PE,2166.8
BANKNIFTY,54600,24-Dec-2024,CE,768.0
BANKNIFTY,54700,06-Nov-2024,PE,2969.6
BANKNIFTY,54700,06-Nov-2024,CE,3.0
BANKNIFTY,54700,13-Nov-2024,PE,2456.5
BANKNIFTY,54700,13-Nov-2024,CE,24.0
BANKNIFTY,54700,27-Nov-2024,PE,2411.75
BANKNIFTY,54700,27-Nov-2024,CE,78.25
BANKNIFTY,54700,24-Dec-2024,PE,2076.45
BANKNIFTY,54700,24-Dec-2024,CE,0.0
BANKNIFTY,54800,06-Nov-2024,PE,3047.75
BANKNIFTY,54800,06-Nov-2024,CE,2.9
BANKNIFTY,54800,13-Nov-2024,PE,2509.9
BANKNIFTY,54800,13-Nov-2024,CE,17.0
BANKNIFTY,54800,27-Nov-2024,PE,2433.5
BANKNIFTY,54800,27-Nov-2024,CE,99.85
BANKNIFTY,54800,24-Dec-2024,PE,2086.45
BANKNIFTY,54800,24-Dec-2024,CE,0.0
BANKNIFTY,54900,06-Nov-2024,PE,3261.5
BANKNIFTY,54900,06-Nov-2024,CE,3.0
BANKNIFTY,54900,13-Nov-2024,PE,2646.55
BANKNIFTY,54900,13-Nov-2024,CE,23.8
BANKNIFTY,54900,27-Nov-2024,PE,2469.7
BANKNIFTY,54900,27-Nov-2024,CE,70.2
BANKNIFTY,54900,24-Dec-2024,PE,2180.95
BANKNIFTY,54900,24-Dec-2024,CE,0.0
BANKNIFTY,55000,06-Nov-2024,PE,3314.35
BANKNIFTY,55000,06-Nov-2024,CE,2.85
BANKNIFTY,55000,13-Nov-2024,PE,2720.45
BANKNIFTY,55000,13-Nov-2024,CE,14.0
BANKNIFTY,55000,27-Nov-2024,PE,3060.65
BANKNIFTY,55000,27-Nov-2024,CE,52.15
BANKNIFTY,55000,24-Dec-2024,PE,2503.3
BANKNIFTY,55000,24-Dec-2024,CE,269.95
BANKNIFTY,55000,29-Jan-2025,CE,595.7
BANKNIFTY,55100,06-Nov-2024,PE,3384.35
BANKNIFTY,55100,06-Nov-2024,CE,2.75
BANKNIFTY,55100,13-Nov-2024,PE,2787.4
BANKNIFTY,55100,13-Nov-2024,CE,24.9
BANKNIFTY,55100,27-Nov-2024,PE,2647.15
BANKNIFTY,55100,27-Nov-2024,CE,122.2
BANKNIFTY,55100,24-Dec-2024,PE,2285.45
BANKNIFTY,55100,24-Dec-2024,CE,0.0
BANKNIFTY,55200,06-Nov-2024,PE,3459.75
BANKNIFTY,55200,06-Nov-2024,CE,3.0
BANKNIFTY,55200,13-Nov-2024,PE,2941.1
BANKNIFTY,55200,13-Nov-2024,CE,19.0
BANKNIFTY,55200,27-Nov-2024,PE,2732.55
BANKNIFTY,55200,27-Nov-2024,CE,187.85
BANKNIFTY,55200,24-Dec-2024,PE,2336.95
BANKNIFTY,55200,24-Dec-2024,CE,0.0
BANKNIFTY,55300,06-Nov-2024,PE,3559.7
BANKNIFTY,55300,06-Nov-2024,CE,2.4
BANKNIFTY,55300,13-Nov-2024,PE,2972.5
BANKNIFTY,55300,13-Nov-2024,CE,21.9
BANKNIFTY,55300,27-Nov-2024,PE,2833.2
BANKNIFTY,55300,27-Nov-2024,CE,0.0
BANKNIFTY,55300,24-Dec-2024,PE,2375.7
BANKNIFTY,55300,24-Dec-2024,CE,0.0
BANKNIFTY,55400,06-Nov-2024,PE,3682.05
BANKNIFTY,55400,06-Nov-2024,CE,2.95
BANKNIFTY,55400,27-Nov-2024,PE,2909.4
BANKNIFTY,55400,27-Nov-2024,CE,0.0
BANKNIFTY,55400,24-Dec-2024,PE,2489.6
BANKNIFTY,55400,24-Dec-2024,CE,0.0
BANKNIFTY,55500,06-Nov-2024,PE,3761.3
BANKNIFTY,55500,06-Nov-2024,CE,2.75
BANKNIFTY,55500,13-Nov-2024,PE,3182.9
BANKNIFTY,55500,13-Nov-2024,CE,11.05
BANKNIFTY,55500,27-Nov-2024,PE,3532.35
BANKNIFTY,55500,27-Nov-2024,CE,33.4
BANKNIFTY,55500,24-Dec-2024,PE,3286.35
BANKNIFTY,55500,24-Dec-2024,CE,201.85
BANKNIFTY,55500,29-Jan-2025,CE,677.0
BANKNIFTY,55500,26-Mar-2025,CE,1087.2
BANKNIFTY,55600,06-Nov-2024,PE,3833.2
BANKNIFTY,55600,06-Nov-2024,CE,3.0
BANKNIFTY,55600,27-Nov-2024,PE,3083.5
BANKNIFTY,55600,27-Nov-2024,CE,0.0
BANKNIFTY,55600,24-Dec-2024,PE,2666.05
BANKNIFTY,55600,24-Dec-2024,CE,0.0
BANKNIFTY,55700,06-Nov-2024,PE,3944.75
BANKNIFTY,55700,06-Nov-2024,CE,3.0
BANKNIFTY,55700,27-Nov-2024,PE,3173.15
BANKNIFTY,55700,27-Nov-2024,CE,0.0
BANKNIFTY,55700,24-Dec-2024,PE,2755.45
BANKNIFTY,55700,24-Dec-2024,CE,0.0
BANKNIFTY,55800,06-Nov-2024,PE,4058.9
BANKNIFTY,55800,06-Nov-2024,CE,2.5
BANKNIFTY,55800,27-Nov-2024,PE,3261.0
BANKNIFTY,55800,27-Nov-2024,CE,0.0
BANKNIFTY,55800,24-Dec-2024,PE,2842.2
BANKNIFTY,55800,24-Dec-2024,CE,0.0
BANKNIFTY,55900,06-Nov-2024,PE,4142.05
BANKNIFTY,55900,06-Nov-2024,CE,2.75
BANKNIFTY,55900,27-Nov-2024,PE,3445.35
BANKNIFTY,55900,27-Nov-2024,CE,287.95
BANKNIFTY,55900,24-Dec-2024,PE,2932.45
BANKNIFTY,55900,24-Dec-2024,CE,0.0
BANKNIFTY,56000,06-Nov-2024,PE,4272.2
BANKNIFTY,56000,06-Nov-2024,CE,2.7
BANKNIFTY,56000,13-Nov-2024,PE,3606.25
BANKNIFTY,56000,13-Nov-2024,CE,9.0
BANKNIFTY,56000,27-Nov-2024,PE,4014.9
BANKNIFTY,56000,27-Nov-2024,CE,20.5
BANKNIFTY,56000,24-Dec-2024,PE,3758.4
BANKNIFTY,56000,24-Dec-2024,CE,148.8
BANKNIFTY,56000,29-Jan-2025,CE,363.5
BANKNIFTY,56100,27-Nov-2024,PE,3523.05
BANKNIFTY,56100,27-Nov-2024,CE,0.0
BANKNIFTY,56100,24-Dec-2024,PE,3107.65
BANKNIFTY,56100,24-Dec-2024,CE,0.0
BANKNIFTY,56200,27-Nov-2024,PE,3631.8
BANKNIFTY,56200,27-Nov-2024,CE,59.85
BANKNIFTY,56200,24-Dec-2024,PE,3195.85
BANKNIFTY,56200,24-Dec-2024,CE,0.0
BANKNIFTY,56300,27-Nov-2024,PE,3730.0
BANKNIFTY,56300,27-Nov-2024,CE,0.0
BANKNIFTY,56300,24-Dec-2024,PE,3282.35
BANKNIFTY,56300,24-Dec-2024,CE,0.0
BANKNIFTY,56400,27-Nov-2024,PE,3824.75
BANKNIFTY,56400,27-Nov-2024,CE,0.0
BANKNIFTY,56400,24-Dec-2024,PE,3368.85
BANKNIFTY,56400,24-Dec-2024,CE,286.35
BANKNIFTY,56500,06-Nov-2024,PE,4736.8
BANKNIFTY,56500,06-Nov-2024,CE,2.5
BANKNIFTY,56500,13-Nov-2024,PE,4064.95
BANKNIFTY,56500,13-Nov-2024,CE,9.55
BANKNIFTY,56500,27-Nov-2024,PE,4476.4
BANKNIFTY,56500,27-Nov-2024,CE,17.5
BANKNIFTY,56500,24-Dec-2024,PE,3456.35
BANKNIFTY,56500,24-Dec-2024,CE,0.0
BANKNIFTY,56600,27-Nov-2024,PE,4028.55
BANKNIFTY,56600,27-Nov-2024,CE,26.0
BANKNIFTY,56600,24-Dec-2024,PE,3546.0
BANKNIFTY,56600,24-Dec-2024,CE,0.0
BANKNIFTY,56700,27-Nov-2024,PE,4124.7
BANKNIFTY,56700,27-Nov-2024,CE,0.0
BANKNIFTY,56700,24-Dec-2024,PE,3633.2
BANKNIFTY,56700,24-Dec-2024,CE,0.0
BANKNIFTY,56800,27-Nov-2024,PE,4225.4
BANKNIFTY,56800,27-Nov-2024,CE,0.0
BANKNIFTY,56800,24-Dec-2024,PE,3724.5
BANKNIFTY,56800,24-Dec-2024,CE,0.0
BANKNIFTY,56900,27-Nov-2024,PE,4324.15
BANKNIFTY,56900,27-Nov-2024,CE,49.95
BANKNIFTY,56900,24-Dec-2024,PE,3808.7
BANKNIFTY,56900,24-Dec-2024,CE,0.0
BANKNIFTY,57000,06-Nov-2024,PE,5238.1
BANKNIFTY,57000,06-Nov-2024,CE,2.4
BANKNIFTY,57000,13-Nov-2024,PE,4661.8
BANKNIFTY,57000,13-Nov-2024,CE,8.9
BANKNIFTY,57000,27-Nov-2024,PE,4975.85
BANKNIFTY,57000,27-Nov-2024,CE,15.95
BANKNIFTY,57000,24-Dec-2024,PE,4687.15
BANKNIFTY,57000,24-Dec-2024,CE,89.95
BANKNIFTY,57000,29-Jan-2025,CE,348.35
BANKNIFTY,57000,26-Mar-2025,CE,666.45
BANKNIFTY,57000,25-Jun-2025,CE,1495.25
BANKNIFTY,57100,27-Nov-2024,PE,4584.3
BANKNIFTY,57100,27-Nov-2024,CE,44.9
BANKNIFTY,57100,24-Dec-2024,PE,3993.05
BANKNIFTY,57100,24-Dec-2024,CE,0.0
BANKNIFTY,57200,27-Nov-2024,PE,4684.1
BANKNIFTY,57200,27-Nov-2024,CE,39.9
BANKNIFTY,57200,24-Dec-2024,PE,4082.4
BANKNIFTY,57200,24-Dec-2024,CE,0.0
BANKNIFTY,57300,27-Nov-2024,PE,4464.95
BANKNIFTY,57300,27-Nov-2024,CE,15.0
BANKNIFTY,57300,24-Dec-2024,PE,4221.1
BANKNIFTY,57300,24-Dec-2024,CE,0.0
BANKNIFTY,57400,27-Nov-2024,PE,4569.55
BANKNIFTY,57400,27-Nov-2024,CE,0.0
BANKNIFTY,57400,24-Dec-2024,PE,4248.1
BANKNIFTY,57400,24-Dec-2024,CE,161.0
BANKNIFTY,57500,06-Nov-2024,PE,5734.9
BANKNIFTY,57500,06-Nov-2024,CE,2.6
BANKNIFTY,57500,13-Nov-2024,PE,5122.95
BANKNIFTY,57500,13-Nov-2024,CE,8.0
BANKNIFTY,57500,27-Nov-2024,PE,5470.95
BANKNIFTY,57500,27-Nov-2024,CE,14.5
BANKNIFTY,57500,24-Dec-2024,PE,4959.45
BANKNIFTY,57500,24-Dec-2024,CE,85.0
BANKNIFTY,58000,06-Nov-2024,PE,6213.15
BANKNIFTY,58000,06-Nov-2024,CE,2.55
BANKNIFTY,58000,13-Nov-2024,PE,5658.65
BANKNIFTY,58000,13-Nov-2024,CE,6.85
BANKNIFTY,58000,27-Nov-2024,PE,5970.7
BANKNIFTY,58000,27-Nov-2024,CE,13.9
BANKNIFTY,58000,24-Dec-2024,PE,4906.5
BANKNIFTY,58000,24-Dec-2024,CE,73.45
BANKNIFTY,58500,06-Nov-2024,PE,6842.45
BANKNIFTY,58500,06-Nov-2024,CE,2.3
BANKNIFTY,58500,13-Nov-2024,PE,6078.25
BANKNIFTY,58500,13-Nov-2024,CE,6.1
BANKNIFTY,58500,27-Nov-2024,PE,5675.65
BANKNIFTY,58500,27-Nov-2024,CE,13.25
BANKNIFTY,58500,24-Dec-2024,PE,5147.7
BANKNIFTY,58500,24-Dec-2024,CE,69.95
BANKNIFTY,58500,29-Jan-2025,CE,0.0
BANKNIFTY,58500,26-Mar-2025,CE,0.0
BANKNIFTY,59000,06-Nov-2024,PE,7339.45
BANKNIFTY,59000,06-Nov-2024,CE,2.2
BANKNIFTY,59000,13-Nov-2024,PE,6485.2
BANKNIFTY,59000,13-Nov-2024,CE,5.95
BANKNIFTY,59000,27-Nov-2024,PE,6175.05
BANKNIFTY,59000,27-Nov-2024,CE,12.9
BANKNIFTY,59000,24-Dec-2024,PE,5589.2
BANKNIFTY,59000,24-Dec-2024,CE,67.95
BANKNIFTY,59000,29-Jan-2025,CE,173.2
BANKNIFTY,59500,06-Nov-2024,PE,7719.95
BANKNIFTY,59500,06-Nov-2024,CE,2.2
BANKNIFTY,59500,13-Nov-2024,PE,7034.9
BANKNIFTY,59500,13-Nov-2024,CE,5.85
BANKNIFTY,59500,27-Nov-2024,PE,6678.1
BANKNIFTY,59500,27-Nov-2024,CE,12.8
BANKNIFTY,59500,24-Dec-2024,PE,6029.6
BANKNIFTY,59500,24-Dec-2024,CE,57.95
BANKNIFTY,59500,29-Jan-2025,CE,149.9
BANKNIFTY,60000,06-Nov-2024,PE,8332.2
BANKNIFTY,60000,06-Nov-2024,CE,2.25
BANKNIFTY,60000,13-Nov-2024,PE,7479.45
BANKNIFTY,60000,13-Nov-2024,CE,6.9
BANKNIFTY,60000,27-Nov-2024,PE,7941.5
BANKNIFTY,60000,27-Nov-2024,CE,12.5
BANKNIFTY,60000,24-Dec-2024,PE,6465.55
BANKNIFTY,60000,24-Dec-2024,CE,44.0
BANKNIFTY,60000,26-Mar-2025,CE,500.0
BANKNIFTY,60500,06-Nov-2024,PE,8848.6
BANKNIFTY,60500,06-Nov-2024,CE,2.2
BANKNIFTY,60500,27-Nov-2024,PE,7725.6
BANKNIFTY,60500,27-Nov-2024,CE,12.4
BANKNIFTY,60500,24-Dec-2024,PE,6944.45
BANKNIFTY,60500,24-Dec-2024,CE,56.0
BANKNIFTY,61000,27-Nov-2024,PE,8406.35
BANKNIFTY,61000,27-Nov-2024,CE,11.95
BANKNIFTY,61000,24-Dec-2024,PE,7373.75
BANKNIFTY,61000,24-Dec-2024,CE,0.0
BANKNIFTY,61500,27-Nov-2024,PE,9172.35
BANKNIFTY,61500,27-Nov-2024,CE,11.8
BANKNIFTY,61500,24-Dec-2024,PE,8304.25
BANKNIFTY,61500,24-Dec-2024,CE,0.0
BANKNIFTY,61500,26-Mar-2025,CE,229.5
BANKNIFTY,62000,27-Nov-2024,PE,8681.9
BANKNIFTY,62000,27-Nov-2024,CE,10.85
BANKNIFTY,62000,24-Dec-2024,PE,8771.0
BANKNIFTY,62000,24-Dec-2024,CE,37.0
